,Date,HomeTeam,AwayTeam,FTHG,FTAG,FTR,HTGS,ATGS,HTGC,ATGC,HTP,ATP,HM1,HM2,HM3,HM4,HM5,AM1,AM2,AM3,AM4,AM5,HomeTeamLP,AwayTeamLP,MW,HTFormPtsStr,ATFormPtsStr,HTFormPts,ATFormPts,HTWinStreak3,HTWinStreak5,HTLossStreak3,HTLossStreak5,ATWinStreak3,ATWinStreak5,ATLossStreak3,ATLossStreak5,HTGD,ATGD,DiffPts,DiffFormPts,DiffLP
0,2020-09-12,Fulham,Arsenal,0,3,NH,0,0,0,0,0.0,0.0,M,M,M,M,M,M,M,M,M,M,19,5,1.0,MMMMM,MMMMM,0,0,0,0,0,0,0,0,0,0,0.0,0.0,0.0,0.0,14
1,2020-09-12,Crystal Palace,Southampton,1,0,H,0,0,0,0,0.0,0.0,M,M,M,M,M,M,M,M,M,M,12,16,1.0,MMMMM,MMMMM,0,0,0,0,0,0,0,0,0,0,0.0,0.0,0.0,0.0,-4
2,2020-09-12,Liverpool,Leeds,4,3,H,0,0,0,0,0.0,0.0,M,M,M,M,M,M,M,M,M,M,2,18,1.0,MMMMM,MMMMM,0,0,0,0,0,0,0,0,0,0,0.0,0.0,0.0,0.0,-16
3,2020-09-12,West Ham,Newcastle,0,2,NH,0,0,0,0,0.0,0.0,M,M,M,M,M,M,M,M,M,M,18,18,1.0,MMMMM,MMMMM,0,0,0,0,0,0,0,0,0,0,0.0,0.0,0.0,0.0,0
4,2020-09-13,West Brom,Leicester,0,3,NH,0,0,0,0,0.0,0.0,M,M,M,M,M,M,M,M,M,M,18,18,1.0,MMMMM,MMMMM,0,0,0,0,0,0,0,0,0,0,0.0,0.0,0.0,0.0,0
5,2020-09-13,Tottenham,Everton,0,1,NH,0,0,0,0,0.0,0.0,M,M,M,M,M,M,M,M,M,M,18,8,1.0,MMMMM,MMMMM,0,0,0,0,0,0,0,0,0,0,0.0,0.0,0.0,0.0,10
6,2020-09-14,Brighton,Chelsea,1,3,NH,0,0,0,0,0.0,0.0,M,M,M,M,M,M,M,M,M,M,18,3,1.0,MMMMM,MMMMM,0,0,0,0,0,0,0,0,0,0,0.0,0.0,0.0,0.0,15
7,2020-09-14,Sheffield United,Wolves,0,2,NH,0,0,0,0,0.0,0.0,M,M,M,M,M,M,M,M,M,M,18,18,1.0,MMMMM,MMMMM,0,0,0,0,0,0,0,0,0,0,0.0,0.0,0.0,0.0,0
8,2020-09-19,Everton,West Brom,5,2,H,0,0,0,0,0.0,0.0,M,M,M,M,M,M,M,M,M,M,8,18,1.0,MMMMM,MMMMM,0,0,0,0,0,0,0,0,0,0,0.0,0.0,0.0,0.0,-10
9,2020-09-19,Leeds,Fulham,4,3,H,0,0,0,0,0.0,0.0,M,M,M,M,M,M,M,M,M,M,18,19,1.0,MMMMM,MMMMM,0,0,0,0,0,0,0,0,0,0,0.0,0.0,0.0,0.0,-1
10,2020-09-19,Man United,Crystal Palace,1,3,NH,1,1,3,0,0.0,1.5,L,M,M,M,M,W,M,M,M,M,18,12,2.0,LMMMM,WMMMM,0,3,0,0,0,0,0,0,0,0,-1.0,0.5,-1.5,-1.5,6
11,2020-09-19,Arsenal,West Ham,2,1,H,3,0,0,2,1.5,0.0,W,M,M,M,M,L,M,M,M,M,5,18,2.0,WMMMM,LMMMM,3,0,0,0,0,0,0,0,0,0,1.5,-1.0,1.5,1.5,-13
12,2020-09-20,Southampton,Tottenham,2,5,NH,0,0,1,1,0.0,0.0,L,M,M,M,M,L,M,M,M,M,16,18,2.0,LMMMM,LMMMM,0,0,0,0,0,0,0,0,0,0,-0.5,-0.5,0.0,0.0,-2
13,2020-09-20,Newcastle,Brighton,0,3,NH,2,1,0,3,1.5,0.0,W,M,M,M,M,L,M,M,M,M,18,18,2.0,WMMMM,LMMMM,3,0,0,0,0,0,0,0,0,0,1.0,-1.0,1.5,1.5,0
14,2020-09-20,Chelsea,Liverpool,0,2,NH,3,4,1,3,1.5,1.5,W,M,M,M,M,W,M,M,M,M,3,2,2.0,WMMMM,WMMMM,3,3,0,0,0,0,0,0,0,0,1.0,0.5,0.0,0.0,1
15,2020-09-20,Leicester,Burnley,4,2,H,3,2,0,4,1.5,0.0,W,M,M,M,M,L,M,M,M,M,18,15,2.0,WMMMM,LMMMM,3,0,0,0,0,0,0,0,0,0,1.5,-1.0,1.5,1.5,3
16,2020-09-21,Aston Villa,Sheffield United,1,0,H,1,0,0,2,1.5,0.0,W,M,M,M,M,L,M,M,M,M,18,18,2.0,WMMMM,LMMMM,3,0,0,0,0,0,0,0,0,0,0.5,-1.0,1.5,1.5,0
17,2020-09-21,Wolves,Man City,1,3,NH,2,3,0,1,1.5,1.5,W,M,M,M,M,W,M,M,M,M,18,18,2.0,WMMMM,WMMMM,3,3,0,0,0,0,0,0,0,0,1.0,1.0,0.0,0.0,0
18,2020-09-26,Brighton,Man United,2,3,NH,1,1,3,3,0.0,0.0,L,M,M,M,M,L,M,M,M,M,18,18,2.0,LMMMM,LMMMM,0,0,0,0,0,0,0,0,0,0,-1.0,-1.0,0.0,0.0,0
19,2020-09-26,Crystal Palace,Everton,1,2,NH,1,1,0,0,1.5,1.5,W,M,M,M,M,W,M,M,M,M,12,8,2.0,WMMMM,WMMMM,3,3,0,0,0,0,0,0,0,0,0.5,0.5,0.0,0.0,4
20,2020-09-26,West Brom,Chelsea,3,3,NH,2,3,8,3,0.0,1.0,L,L,M,M,M,L,W,M,M,M,18,3,3.0,LLMMM,LWMMM,0,3,0,0,0,0,0,0,0,0,-2.0,0.0,-1.0,-1.0,15
21,2020-09-26,Burnley,Southampton,0,1,NH,2,2,5,6,0.0,0.0,L,L,M,M,M,L,L,M,M,M,15,16,3.0,LLMMM,LLMMM,0,0,0,0,0,0,0,0,0,0,-1.0,-1.3333333333333333,0.0,0.0,-1
22,2020-09-27,Sheffield United,Leeds,0,1,NH,0,7,3,7,0.0,1.0,L,L,M,M,M,W,L,M,M,M,18,18,3.0,LLMMM,WLMMM,0,3,0,0,0,0,0,0,0,0,-1.0,0.0,-1.0,-1.0,0
23,2020-09-27,Tottenham,Newcastle,1,1,NH,5,2,3,3,1.0,1.0,W,L,M,M,M,L,W,M,M,M,18,18,3.0,WLMMM,LWMMM,3,3,0,0,0,0,0,0,0,0,0.6666666666666666,-0.3333333333333333,0.0,0.0,0
24,2020-09-27,Man City,Leicester,2,5,NH,5,7,6,2,1.0,2.0,L,W,M,M,M,W,W,M,M,M,18,18,3.0,LWMMM,WWMMM,3,6,0,0,0,0,0,0,0,0,-0.3333333333333333,1.6666666666666667,-1.0,-1.0,0
25,2020-09-27,West Ham,Wolves,4,0,H,1,3,4,3,0.0,1.0,L,L,M,M,M,L,W,M,M,M,18,18,3.0,LLMMM,LWMMM,0,3,0,0,0,0,0,0,0,0,-1.0,0.0,-1.0,-1.0,0
26,2020-09-28,Fulham,Aston Villa,0,3,NH,3,4,7,0,0.0,2.0,L,L,M,M,M,W,W,M,M,M,19,18,3.0,LLMMM,WWMMM,0,6,0,0,0,0,0,0,0,0,-1.3333333333333333,1.3333333333333333,-2.0,-2.0,1
27,2020-09-28,Liverpool,Arsenal,3,1,H,6,5,3,1,2.0,2.0,W,W,M,M,M,W,W,M,M,M,2,5,3.0,WWMMM,WWMMM,6,6,0,0,0,0,0,0,0,0,1.0,1.3333333333333333,0.0,0.0,-3
28,2020-10-03,Chelsea,Crystal Palace,4,0,H,3,4,3,1,1.0,2.0,L,W,M,M,M,W,W,M,M,M,3,12,3.0,LWMMM,WWMMM,3,6,0,0,0,0,0,0,0,0,0.0,1.0,-1.0,-1.0,-9
29,2020-10-03,Everton,Brighton,4,2,H,6,4,2,3,2.0,1.0,W,W,M,M,M,W,L,M,M,M,8,18,3.0,WWMMM,WLMMM,6,3,0,0,0,0,0,0,0,0,1.3333333333333333,0.3333333333333333,1.0,1.0,-10
30,2020-10-03,Leeds,Man City,1,1,NH,8,6,7,7,1.5,1.0,W,W,L,M,M,D,L,W,M,M,18,18,4.0,WWLMM,DLWMM,6,4,0,0,0,0,0,0,0,0,0.25,-0.25,0.5,0.5,0
31,2020-10-03,Newcastle,Burnley,3,1,H,3,3,4,8,1.0,0.0,D,L,W,M,M,L,L,L,M,M,18,15,4.0,DLWMM,LLLMM,4,0,0,0,0,0,0,0,0,0,-0.25,-1.25,1.0,1.0,3
32,2020-10-04,Leicester,West Ham,0,3,NH,12,5,4,4,2.25,0.75,W,W,W,M,M,W,L,L,M,M,18,18,4.0,WWWMM,WLLMM,9,3,0,0,0,0,0,0,0,0,2.0,0.25,1.5,1.5,0
33,2020-10-04,Southampton,West Brom,2,0,H,3,5,6,11,0.75,0.25,W,L,L,M,M,D,L,L,M,M,16,18,4.0,WLLMM,DLLMM,3,1,0,0,0,0,0,0,0,0,-0.75,-1.5,0.5,0.5,-2
34,2020-10-04,Arsenal,Sheffield United,2,1,H,6,0,4,4,1.5,0.0,L,W,W,M,M,L,L,L,M,M,5,18,4.0,LWWMM,LLLMM,6,0,0,0,0,0,0,0,0,0,0.5,-1.0,1.5,1.5,-13
35,2020-10-04,Wolves,Fulham,1,0,H,3,3,7,10,0.75,0.0,L,L,W,M,M,L,L,L,M,M,18,19,4.0,LLWMM,LLLMM,3,0,0,0,0,0,0,0,0,0,-1.0,-1.75,0.75,0.75,-1
36,2020-10-04,Man United,Tottenham,1,6,NH,5,6,11,4,0.75,1.0,L,W,L,M,M,D,W,L,M,M,18,18,4.0,LWLMM,DWLMM,3,4,0,0,0,0,0,0,0,0,-1.5,0.5,-0.25,-0.25,0
37,2020-10-04,Aston Villa,Liverpool,7,2,H,11,9,2,4,2.25,2.25,W,W,W,M,M,W,W,W,M,M,18,2,4.0,WWWMM,WWWMM,9,9,0,0,0,0,0,0,0,0,2.25,1.25,0.0,0.0,16
38,2020-10-17,Everton,Liverpool,2,2,NH,8,9,3,4,2.25,2.25,W,W,W,M,M,W,W,W,M,M,8,2,4.0,WWWMM,WWWMM,9,9,0,0,0,0,0,0,0,0,1.25,1.25,0.0,0.0,6
39,2020-10-17,Chelsea,Southampton,3,3,NH,6,3,6,6,1.0,0.75,D,L,W,M,M,W,L,L,M,M,3,16,4.0,DLWMM,WLLMM,4,3,0,0,0,0,0,0,0,0,0.0,-0.75,0.25,0.25,-13
40,2020-10-17,Man City,Arsenal,1,0,H,7,8,7,5,1.4,1.8,W,D,L,W,M,W,L,W,W,M,18,5,5.0,WDLWM,WLWWM,7,9,0,0,0,0,0,0,0,0,0.0,0.6,-0.4,-0.4,13
41,2020-10-17,Newcastle,Man United,1,4,NH,6,9,5,12,1.4,1.2,W,D,L,W,M,W,L,W,L,M,18,18,5.0,WDLWM,WLWLM,7,6,0,0,0,0,0,0,0,0,0.2,-0.6,0.2,0.2,0
42,2020-10-18,Sheffield United,Fulham,1,1,NH,1,3,6,11,0.0,0.0,L,L,L,L,M,L,L,L,L,M,18,19,5.0,LLLLM,LLLLM,0,0,0,0,0,0,0,0,0,0,-1.0,-1.6,0.0,0.0,-1
43,2020-10-18,Crystal Palace,Brighton,1,1,NH,5,8,7,10,1.2,0.6,L,L,W,W,M,L,L,W,L,M,12,18,5.0,LLWWM,LLWLM,6,3,0,0,0,0,0,0,0,0,-0.4,-0.4,0.6,0.6,-6
44,2020-10-18,Tottenham,West Ham,3,3,NH,12,8,5,4,1.4,1.2,W,D,W,L,M,W,W,L,L,M,18,18,5.0,WDWLM,WWLLM,7,6,0,0,0,0,0,0,0,0,1.4,0.8,0.2,0.2,0
45,2020-10-18,Leicester,Aston Villa,0,1,NH,12,12,7,2,1.8,2.4,L,W,W,W,M,W,W,W,W,M,18,18,5.0,LWWWM,WWWWM,9,12,0,0,0,0,0,0,0,0,1.0,2.0,-0.6,-0.6,0
46,2020-10-19,West Brom,Burnley,0,0,NH,5,3,13,8,0.2,0.2,L,D,L,L,M,D,L,L,L,M,18,15,5.0,LDLLM,DLLLM,1,1,0,0,0,0,0,0,0,0,-1.6,-1.0,0.0,0.0,3
47,2020-10-19,Leeds,Wolves,0,1,NH,9,4,8,7,1.4,1.2,D,W,W,L,M,W,L,L,W,M,18,18,5.0,DWWLM,WLLWM,7,6,0,0,0,0,0,0,0,0,0.2,-0.6,0.2,0.2,0
48,2020-10-23,Aston Villa,Leeds,0,3,NH,12,9,2,8,2.4,1.4,W,W,W,W,M,D,W,W,L,M,18,18,5.0,WWWWM,DWWLM,12,7,0,0,0,0,0,0,0,0,2.0,0.2,1.0,1.0,0
49,2020-10-24,West Ham,Man City,1,1,NH,8,7,4,7,1.2,1.4,W,W,L,L,M,W,D,L,W,M,18,18,5.0,WWLLM,WDLWM,6,7,0,0,0,0,0,0,0,0,0.8,0.0,-0.2,-0.2,0
50,2020-10-24,Fulham,Crystal Palace,1,2,NH,4,6,12,8,0.16666666666666666,1.1666666666666667,D,L,L,L,L,D,L,L,W,W,19,12,6.0,DLLLL,DLLWW,1,7,0,0,1,0,0,0,0,0,-1.3333333333333333,-0.3333333333333333,-1.0,-1.0,7
51,2020-10-24,Man United,Chelsea,0,0,NH,9,13,12,9,1.1666666666666667,1.3333333333333333,D,W,L,W,L,D,W,D,L,W,18,3,6.0,DWLWL,DWDLW,7,8,0,0,0,0,0,0,0,0,-0.5,0.6666666666666666,-0.16666666666666666,-0.16666666666666666,15
52,2020-10-24,Liverpool,Sheffield United,2,1,H,13,2,13,7,1.6666666666666667,0.16666666666666666,D,L,W,W,W,D,L,L,L,L,2,18,6.0,DLWWW,DLLLL,10,1,1,0,0,0,0,0,1,0,0.0,-0.8333333333333334,1.5,1.5,-16
53,2020-10-25,Southampton,Everton,2,0,H,8,14,9,7,1.1666666666666667,2.1666666666666665,D,W,W,L,L,D,W,W,W,W,16,8,6.0,DWWLL,DWWWW,7,13,0,0,0,0,1,0,0,0,-0.16666666666666666,1.1666666666666667,-1.0,-1.0,8
54,2020-10-25,Wolves,Newcastle,1,1,NH,5,7,7,9,1.5,1.1666666666666667,W,W,L,L,W,L,W,D,L,W,18,18,6.0,WWLLW,LWDLW,9,7,0,0,0,0,0,0,0,0,-0.3333333333333333,-0.3333333333333333,0.3333333333333333,0.3333333333333333,0
55,2020-10-25,Arsenal,Leicester,0,1,NH,8,12,6,8,1.5,1.5,L,W,L,W,W,L,L,W,W,W,5,18,6.0,LWLWW,LLWWW,9,9,0,0,0,0,1,0,0,0,0.3333333333333333,0.6666666666666666,0.0,0.0,-13
56,2020-10-26,Brighton,West Brom,1,1,NH,9,5,11,13,0.6666666666666666,0.3333333333333333,D,L,L,W,L,D,L,D,L,L,18,18,6.0,DLLWL,DLDLL,4,2,0,0,0,0,0,0,0,0,-0.3333333333333333,-1.3333333333333333,0.3333333333333333,0.3333333333333333,0
57,2020-10-26,Burnley,Tottenham,0,1,NH,3,15,9,8,0.16666666666666666,1.3333333333333333,L,D,L,L,L,D,W,D,W,L,15,18,6.0,LDLLL,DWDWL,1,8,0,0,1,0,0,0,0,0,-1.0,1.1666666666666667,-1.1666666666666667,-1.1666666666666667,-3
58,2020-10-30,Wolves,Crystal Palace,2,0,H,5,6,7,8,1.5,1.1666666666666667,W,W,L,L,W,D,L,L,W,W,18,12,6.0,WWLLW,DLLWW,9,7,0,0,0,0,0,0,0,0,-0.3333333333333333,-0.3333333333333333,0.3333333333333333,0.3333333333333333,6
59,2020-10-31,Sheffield United,Man City,0,1,NH,2,8,7,8,0.16666666666666666,1.3333333333333333,D,L,L,L,L,D,W,D,L,W,18,18,6.0,DLLLL,DWDLW,1,8,0,0,1,0,0,0,0,0,-0.8333333333333334,0.0,-1.1666666666666667,-1.1666666666666667,0
60,2020-10-31,Burnley,Chelsea,0,3,NH,3,13,12,9,0.14285714285714285,1.2857142857142858,L,L,D,L,L,D,D,W,D,L,15,3,7.0,LLDLL,DDWDL,1,6,0,0,0,0,0,0,0,0,-1.2857142857142858,0.5714285714285714,-1.1428571428571428,-0.7142857142857143,12
61,2020-10-31,Liverpool,West Ham,2,1,H,15,12,14,8,1.8571428571428572,1.1428571428571428,W,D,L,W,W,D,D,W,W,L,2,18,7.0,WDLWW,DDWWL,10,8,0,0,0,0,0,0,0,0,0.14285714285714285,0.5714285714285714,0.7142857142857143,0.2857142857142857,-16
62,2020-11-01,Aston Villa,Southampton,3,4,NH,15,10,9,9,1.7142857142857142,1.4285714285714286,L,L,W,W,W,W,D,W,W,L,18,16,7.0,LLWWW,WDWWL,9,10,1,0,0,0,0,0,0,0,0.8571428571428571,0.14285714285714285,0.2857142857142857,-0.14285714285714285,2
63,2020-11-01,Newcastle,Everton,2,1,H,8,14,10,9,1.1428571428571428,1.8571428571428572,D,L,W,D,L,L,D,W,W,W,18,8,7.0,DLWDL,LDWWW,5,10,0,0,0,0,1,0,0,0,-0.2857142857142857,0.7142857142857143,-0.7142857142857143,-0.7142857142857143,10
64,2020-11-01,Man United,Arsenal,0,1,NH,9,8,13,7,1.0,1.2857142857142858,L,D,W,L,W,L,L,W,L,W,18,5,7.0,LDWLW,LLWLW,7,6,0,0,0,0,0,0,0,0,-0.5714285714285714,0.14285714285714285,-0.2857142857142857,0.14285714285714285,13
65,2020-11-01,Tottenham,Brighton,2,1,H,16,10,8,12,1.5714285714285714,0.7142857142857143,W,D,W,D,W,D,D,L,L,W,18,18,7.0,WDWDW,DDLLW,11,5,0,0,0,0,0,0,0,0,1.1428571428571428,-0.2857142857142857,0.8571428571428571,0.8571428571428571,0
66,2020-11-02,Fulham,West Brom,2,0,H,5,6,14,14,0.14285714285714285,0.42857142857142855,L,D,L,L,L,D,D,L,D,L,19,18,7.0,LDLLL,DDLDL,1,3,0,0,1,0,0,0,0,0,-1.2857142857142858,-1.1428571428571428,-0.2857142857142857,-0.2857142857142857,1
67,2020-11-02,Leeds,Leicester,1,4,NH,12,13,9,8,1.4285714285714286,1.7142857142857142,W,L,D,W,W,W,L,L,W,W,18,18,7.0,WLDWW,WLLWW,10,9,0,0,0,0,0,0,0,0,0.42857142857142855,0.7142857142857143,-0.2857142857142857,0.14285714285714285,0
68,2020-11-06,Brighton,Burnley,0,0,NH,10,3,12,12,0.7142857142857143,0.14285714285714285,D,D,L,L,W,L,L,D,L,L,18,15,7.0,DDLLW,LLDLL,5,1,0,0,0,0,0,0,0,0,-0.2857142857142857,-1.2857142857142858,0.5714285714285714,0.5714285714285714,3
69,2020-11-06,Southampton,Newcastle,2,0,H,10,8,9,10,1.4285714285714286,1.1428571428571428,W,D,W,W,L,D,L,W,D,L,16,18,7.0,WDWWL,DLWDL,10,5,0,0,0,0,0,0,0,0,0.14285714285714285,-0.2857142857142857,0.2857142857142857,0.7142857142857143,-2
70,2020-11-07,Everton,Man United,1,3,NH,15,12,11,14,1.625,1.25,L,L,D,W,W,W,L,D,W,L,8,18,8.0,LLDWW,WLDWL,7,7,0,0,0,0,0,0,0,0,0.5,-0.25,0.375,0.0,-10
71,2020-11-07,Crystal Palace,Leeds,4,1,H,8,13,11,13,1.25,1.25,L,W,D,L,L,L,W,L,D,W,12,18,8.0,LWDLL,LWLDW,4,7,0,0,0,0,0,0,0,0,-0.375,0.0,0.0,-0.375,-6
72,2020-11-07,Chelsea,Sheffield United,4,1,H,16,3,9,10,1.5,0.125,W,D,D,W,D,L,L,D,L,L,3,18,8.0,WDDWD,LLDLL,9,1,0,0,0,0,0,0,0,0,0.875,-0.875,1.375,1.0,-15
73,2020-11-07,West Ham,Fulham,1,0,H,13,7,10,14,1.0,0.5,L,D,D,W,W,W,L,D,L,L,18,19,8.0,LDDWW,WLDLL,8,4,0,0,0,0,0,0,0,0,0.375,-0.875,0.5,0.5,-1
74,2020-11-08,West Brom,Tottenham,0,1,NH,6,18,16,9,0.375,1.75,L,D,D,L,D,W,W,D,W,D,18,18,8.0,LDDLD,WWDWD,3,11,0,0,0,0,0,0,0,0,-1.25,1.125,-1.375,-1.0,0
75,2020-11-08,Leicester,Wolves,1,0,H,17,8,9,8,1.875,1.625,W,W,L,L,W,W,D,W,W,L,18,18,8.0,WWLLW,WDWWL,9,10,0,0,0,0,0,0,0,0,1.0,0.0,0.25,-0.125,0
76,2020-11-08,Man City,Liverpool,1,1,NH,10,17,9,15,1.5,2.0,D,W,D,W,D,W,W,D,L,W,18,2,8.0,DWDWD,WWDLW,9,10,0,0,0,0,0,0,0,0,0.125,0.25,-0.5,-0.125,16
77,2020-11-08,Arsenal,Aston Villa,0,3,NH,9,18,7,9,1.5,1.875,W,L,L,W,L,W,L,L,W,W,5,18,8.0,WLLWL,WLLWW,6,9,0,0,0,0,0,0,0,0,0.25,1.125,-0.375,-0.375,-13
78,2020-11-21,Newcastle,Chelsea,0,2,NH,10,16,11,9,1.375,1.5,W,D,L,W,D,W,D,D,W,D,18,3,8.0,WDLWD,WDDWD,8,9,0,0,0,0,0,0,0,0,-0.125,0.875,-0.125,-0.125,15
79,2020-11-21,Aston Villa,Brighton,1,2,NH,18,11,9,14,1.875,0.625,W,L,L,W,W,L,D,D,L,L,18,18,8.0,WLLWW,LDDLL,9,2,0,0,0,0,0,0,0,0,1.125,-0.375,1.25,0.875,0
80,2020-11-21,Tottenham,Man City,2,0,H,19,10,9,11,1.8888888888888888,1.3333333333333333,W,W,W,D,W,L,D,W,D,W,18,18,9.0,WWWDW,LDWDW,13,8,0,0,0,0,0,0,0,0,1.1111111111111112,-0.1111111111111111,0.5555555555555556,0.5555555555555556,0
81,2020-11-21,Man United,West Brom,1,0,H,13,6,14,17,1.4444444444444444,0.3333333333333333,W,W,L,D,W,L,L,D,D,L,18,18,9.0,WWLDW,LLDDL,10,2,0,0,0,0,0,0,0,0,-0.1111111111111111,-1.2222222222222223,1.1111111111111112,0.8888888888888888,0
82,2020-11-22,Fulham,Everton,2,3,NH,7,16,15,14,0.4444444444444444,1.4444444444444444,L,W,L,D,L,L,L,L,D,W,19,8,9.0,LWLDL,LLLDW,4,4,0,0,0,0,0,0,0,0,-0.8888888888888888,0.2222222222222222,-1.0,0.0,11
83,2020-11-22,Sheffield United,West Ham,0,1,NH,4,14,14,10,0.1111111111111111,1.2222222222222223,L,L,L,D,L,W,L,D,D,W,18,18,9.0,LLLDL,WLDDW,1,8,0,0,0,0,0,0,0,0,-1.1111111111111112,0.4444444444444444,-1.1111111111111112,-0.7777777777777778,0
84,2020-11-22,Leeds,Arsenal,0,0,NH,14,9,17,10,1.1111111111111112,1.3333333333333333,L,L,W,L,D,L,W,L,L,W,18,5,9.0,LLWLD,LWLLW,4,6,0,0,0,0,0,0,0,0,-0.3333333333333333,-0.1111111111111111,-0.2222222222222222,-0.2222222222222222,13
85,2020-11-22,Liverpool,Leicester,3,0,H,18,18,16,9,1.8888888888888888,2.0,D,W,W,D,L,W,W,W,L,L,2,18,9.0,DWWDL,WWWLL,8,9,0,0,0,0,0,0,0,0,0.2222222222222222,1.0,-0.1111111111111111,-0.1111111111111111,-16
86,2020-11-23,Burnley,Crystal Palace,1,0,H,4,12,12,12,0.5555555555555556,1.4444444444444444,W,D,L,L,D,W,L,W,D,L,15,12,9.0,WDLLD,WLWDL,5,7,0,0,0,0,0,0,0,0,-0.8888888888888888,0.0,-0.8888888888888888,-0.2222222222222222,3
87,2020-11-23,Wolves,Southampton,1,1,NH,8,16,9,12,1.4444444444444444,1.7777777777777777,L,W,D,W,W,W,W,W,D,W,18,16,9.0,LWDWW,WWWDW,10,13,0,0,0,0,0,0,0,0,-0.1111111111111111,0.4444444444444444,-0.3333333333333333,-0.3333333333333333,2
88,2020-11-27,Crystal Palace,Newcastle,0,2,NH,12,10,12,13,1.4444444444444444,1.2222222222222223,W,L,W,D,L,L,W,D,L,W,12,18,9.0,WLWDL,LWDLW,7,7,0,0,0,0,0,0,0,0,0.0,-0.3333333333333333,0.2222222222222222,0.0,-6
89,2020-11-28,Brighton,Liverpool,1,1,NH,11,18,14,16,0.6666666666666666,1.8888888888888888,D,L,D,D,L,D,W,W,D,L,18,2,9.0,DLDDL,DWWDL,3,8,0,0,0,0,0,0,0,0,-0.3333333333333333,0.2222222222222222,-1.2222222222222223,-0.5555555555555556,16
90,2020-11-28,Man City,Burnley,5,0,H,15,4,11,17,1.5,0.5,W,L,D,W,D,L,W,D,L,L,18,15,10.0,WLDWD,LWDLL,8,4,0,0,0,0,0,0,0,0,0.4,-1.3,1.0,0.4,3
91,2020-11-28,Everton,Leeds,0,1,NH,19,14,16,17,1.6,1.1,W,L,L,L,D,D,L,L,W,L,8,18,10.0,WLLLD,DLLWL,4,4,0,0,0,0,0,0,0,0,0.3,-0.3,0.5,0.0,-10
92,2020-11-28,West Brom,Sheffield United,1,0,H,6,4,18,15,0.3,0.1,L,L,L,D,D,L,L,L,L,D,18,18,10.0,LLLDD,LLLLD,2,1,0,0,0,0,0,0,0,0,-1.2,-1.1,0.2,0.1,0
93,2020-11-29,Southampton,Man United,2,3,NH,17,16,13,16,1.7,1.6,D,W,W,W,D,W,W,W,L,D,16,18,10.0,DWWWD,WWWLD,11,10,0,0,0,0,0,0,0,0,0.4,0.0,0.1,0.1,-2
94,2020-11-29,Chelsea,Tottenham,0,0,NH,22,21,10,9,1.8,2.0,W,W,W,D,D,W,W,W,W,D,3,18,10.0,WWWDD,WWWWD,11,13,0,0,0,0,0,0,0,0,1.2,1.2,-0.2,-0.2,-15
95,2020-11-29,Arsenal,Wolves,1,2,NH,9,9,10,10,1.3,1.4,D,L,W,L,L,D,L,W,D,W,5,18,10.0,DLWLL,DLWDW,4,8,0,0,0,0,0,0,0,0,-0.1,-0.1,-0.1,-0.4,-13
96,2020-11-30,Leicester,Fulham,1,2,NH,18,9,12,18,1.8,0.4,L,W,W,W,L,L,L,W,L,D,18,19,10.0,LWWWL,LLWLD,9,4,0,0,0,0,0,0,0,0,0.6,-0.9,1.4,0.5,-1
97,2020-11-30,West Ham,Aston Villa,2,1,H,15,20,10,13,1.4,1.5,W,W,L,D,D,L,L,W,L,L,18,18,10.0,WWLDD,LLWLL,8,3,0,0,0,0,0,0,0,0,0.5,0.7,-0.1,0.5,0
98,2020-12-05,Burnley,Everton,1,1,NH,4,19,17,16,0.5,1.6,L,W,D,L,L,W,L,L,L,D,15,8,10.0,LWDLL,WLLLD,4,4,0,0,0,0,0,0,0,0,-1.3,0.3,-1.1,0.0,7
99,2020-12-05,Man City,Fulham,2,0,H,15,9,11,18,1.5,0.4,W,L,D,W,D,L,L,W,L,D,18,19,10.0,WLDWD,LLWLD,8,4,0,0,0,0,0,0,0,0,0.4,-0.9,1.1,0.4,-1
100,2020-12-05,West Ham,Man United,1,3,NH,17,19,11,17,1.5454545454545454,1.7272727272727273,W,W,W,L,D,W,W,W,W,L,18,18,11.0,WWWLD,WWWWL,10,12,0,0,0,0,0,0,0,0,0.5454545454545454,0.18181818181818182,-0.18181818181818182,-0.18181818181818182,0
101,2020-12-05,Chelsea,Leeds,3,1,H,22,15,10,17,1.7272727272727273,1.2727272727272727,D,W,W,W,D,W,D,L,L,W,3,18,11.0,DWWWD,WDLLW,11,7,0,0,0,0,0,0,0,0,1.0909090909090908,-0.18181818181818182,0.45454545454545453,0.36363636363636365,-15
102,2020-12-06,West Brom,Crystal Palace,1,5,NH,7,12,18,15,0.5454545454545454,1.1818181818181819,W,L,L,L,D,L,L,W,L,W,18,12,11.0,WLLLD,LLWLW,4,6,0,0,0,0,0,0,0,0,-1.0,-0.2727272727272727,-0.6363636363636364,-0.18181818181818182,6
103,2020-12-06,Sheffield United,Leicester,1,2,NH,4,19,16,14,0.09090909090909091,1.6363636363636365,L,L,L,L,L,L,L,W,W,W,18,18,11.0,LLLLL,LLWWW,0,9,0,0,1,1,1,0,0,0,-1.0909090909090908,0.45454545454545453,-1.5454545454545454,-0.8181818181818182,0
104,2020-12-06,Tottenham,Arsenal,2,0,H,21,10,9,12,1.9090909090909092,1.1818181818181819,D,W,W,W,W,L,D,L,W,L,18,5,11.0,DWWWW,LDLWL,13,4,1,0,0,0,0,0,0,0,1.0909090909090908,-0.18181818181818182,0.7272727272727273,0.8181818181818182,13
105,2020-12-06,Liverpool,Wolves,4,0,H,22,11,17,11,1.9090909090909092,1.5454545454545454,D,W,D,W,W,W,D,L,W,D,2,18,11.0,DWDWW,WDLWD,11,8,0,0,0,0,0,0,0,0,0.45454545454545453,0.0,0.36363636363636365,0.2727272727272727,-16
106,2020-12-07,Brighton,Southampton,1,2,NH,14,19,16,16,0.9090909090909091,1.5454545454545454,D,W,D,L,D,L,D,W,W,W,18,16,11.0,DWDLD,LDWWW,6,10,0,0,0,0,1,0,0,0,-0.18181818181818182,0.2727272727272727,-0.6363636363636364,-0.36363636363636365,2
107,2020-12-11,Leeds,West Ham,1,2,NH,15,17,17,11,1.2727272727272727,1.5454545454545454,W,D,L,L,W,W,W,W,L,D,18,18,11.0,WDLLW,WWWLD,7,10,0,0,0,0,0,0,0,0,-0.18181818181818182,0.5454545454545454,-0.2727272727272727,-0.2727272727272727,0
108,2020-12-12,Wolves,Aston Villa,0,1,NH,11,21,11,13,1.5454545454545454,1.6363636363636365,W,D,L,W,D,W,L,L,W,L,18,18,11.0,WDLWD,WLLWL,8,6,0,0,0,0,0,0,0,0,0.0,0.7272727272727273,-0.09090909090909091,0.18181818181818182,0
109,2020-12-12,Newcastle,West Brom,2,1,H,12,7,15,18,1.2727272727272727,0.5454545454545454,W,L,L,W,D,W,L,L,L,D,18,18,11.0,WLLWD,WLLLD,7,4,0,0,0,0,0,0,0,0,-0.2727272727272727,-1.0,0.7272727272727273,0.2727272727272727,0
110,2020-12-12,Man United,Man City,0,0,NH,19,17,17,11,1.6666666666666667,1.5833333333333333,D,W,W,W,W,D,W,W,L,D,18,18,12.0,DWWWW,DWWLD,13,8,1,0,0,0,0,0,0,0,0.16666666666666666,0.5,0.08333333333333333,0.4166666666666667,0
111,2020-12-12,Everton,Chelsea,1,0,H,20,25,18,11,1.4166666666666667,1.8333333333333333,D,L,W,L,L,W,D,W,W,W,8,3,12.0,DLWLL,WDWWW,4,13,0,0,0,0,1,0,0,0,0.16666666666666666,1.1666666666666667,-0.4166666666666667,-0.75,5
112,2020-12-13,Southampton,Sheffield United,3,0,H,21,5,17,18,1.6666666666666667,0.08333333333333333,W,L,D,W,W,L,L,L,L,L,16,18,12.0,WLDWW,LLLLL,10,0,0,0,0,0,0,0,1,1,0.3333333333333333,-1.0833333333333333,1.5833333333333333,0.8333333333333334,-2
113,2020-12-13,Crystal Palace,Tottenham,1,1,NH,17,23,16,9,1.3333333333333333,2.0,W,L,L,W,L,W,D,W,W,W,12,18,12.0,WLLWL,WDWWW,6,13,0,0,0,0,1,0,0,0,0.08333333333333333,1.1666666666666667,-0.6666666666666666,-0.5833333333333334,-6
114,2020-12-13,Fulham,Liverpool,1,1,NH,11,26,21,17,0.5833333333333334,2.0,L,W,L,L,W,W,D,W,D,W,19,2,12.0,LWLLW,WDWDW,6,11,0,0,0,0,0,0,0,0,-0.8333333333333334,0.75,-1.4166666666666667,-0.4166666666666667,17
115,2020-12-13,Arsenal,Burnley,0,1,NH,10,6,14,18,1.0833333333333333,0.75,L,L,D,L,W,W,D,L,W,D,5,15,12.0,LLDLW,WDLWD,4,8,0,0,0,0,0,0,0,0,-0.3333333333333333,-1.0,0.3333333333333333,-0.3333333333333333,-10
116,2020-12-13,Leicester,Brighton,3,0,H,21,15,15,18,1.75,0.8333333333333334,W,L,L,W,W,L,D,W,D,L,18,18,12.0,WLLWW,LDWDL,9,5,0,0,0,0,0,0,0,0,0.5,-0.25,0.9166666666666666,0.3333333333333333,0
117,2020-12-15,Wolves,Chelsea,2,1,H,11,25,15,11,1.4166666666666667,1.8333333333333333,L,W,D,L,W,W,D,W,W,W,18,3,12.0,LWDLW,WDWWW,7,13,0,0,0,0,1,0,0,0,-0.3333333333333333,1.1666666666666667,-0.4166666666666667,-0.5,15
118,2020-12-15,Man City,West Brom,1,1,NH,17,8,11,23,1.5833333333333333,0.5,D,W,W,L,D,L,W,L,L,L,18,18,12.0,DWWLD,LWLLL,8,3,0,0,0,0,0,0,1,0,0.5,-1.25,1.0833333333333333,0.4166666666666667,0
119,2020-12-16,Arsenal,Southampton,1,1,NH,10,21,14,17,1.0833333333333333,1.6666666666666667,L,L,D,L,W,W,L,D,W,W,5,16,12.0,LLDLW,WLDWW,4,10,0,0,0,0,0,0,0,0,-0.3333333333333333,0.3333333333333333,-0.5833333333333334,-0.5,-11
120,2020-12-16,Leeds,Newcastle,5,2,H,17,16,22,21,1.0769230769230769,1.3076923076923077,L,L,W,D,L,L,W,W,L,L,18,18,13.0,LLWDL,LWWLL,4,6,0,0,0,0,0,0,0,0,-0.38461538461538464,-0.38461538461538464,-0.23076923076923078,-0.15384615384615385,0
121,2020-12-16,Leicester,Everton,0,2,NH,24,21,15,18,1.8461538461538463,1.5384615384615385,W,W,L,L,W,W,D,L,W,L,18,8,13.0,WWLLW,WDLWL,9,7,0,0,0,0,0,0,0,0,0.6923076923076923,0.23076923076923078,0.3076923076923077,0.15384615384615385,10
122,2020-12-16,Fulham,Brighton,0,0,NH,12,15,22,21,0.6153846153846154,0.7692307692307693,D,L,W,L,L,L,L,D,W,D,19,18,13.0,DLWLL,LLDWD,4,5,0,0,0,0,0,0,0,0,-0.7692307692307693,-0.46153846153846156,-0.15384615384615385,-0.07692307692307693,1
123,2020-12-16,Liverpool,Tottenham,2,1,H,27,24,18,10,1.9230769230769231,1.9230769230769231,D,W,D,W,D,D,W,D,W,W,2,18,13.0,DWDWD,DWDWW,9,11,0,0,0,0,0,0,0,0,0.6923076923076923,1.0769230769230769,0.0,-0.15384615384615385,-16
124,2020-12-16,West Ham,Crystal Palace,1,1,NH,20,18,15,17,1.5384615384615385,1.3076923076923077,W,L,W,W,W,D,W,L,L,W,18,12,13.0,WLWWW,DWLLW,12,7,1,0,0,0,0,0,0,0,0.38461538461538464,0.07692307692307693,0.23076923076923078,0.38461538461538464,6
125,2020-12-17,Aston Villa,Burnley,0,0,NH,24,6,13,18,1.6923076923076923,0.7692307692307693,W,D,W,L,L,D,W,D,L,W,18,15,13.0,WDWLL,DWDLW,7,8,0,0,0,0,0,0,0,0,0.8461538461538461,-0.9230769230769231,0.9230769230769231,-0.07692307692307693,3
126,2020-12-17,Sheffield United,Man United,2,3,NH,5,22,21,19,0.07692307692307693,1.7692307692307692,L,L,L,L,L,W,D,W,W,W,18,18,13.0,LLLLL,WDWWW,0,13,0,0,1,1,1,0,0,0,-1.2307692307692308,0.23076923076923078,-1.6923076923076923,-1.0,0
127,2020-12-19,Crystal Palace,Liverpool,0,7,NH,18,27,17,18,1.3076923076923077,1.9230769230769231,D,W,L,L,W,D,W,D,W,D,12,2,13.0,DWLLW,DWDWD,7,9,0,0,0,0,0,0,0,0,0.07692307692307693,0.6923076923076923,-0.6153846153846154,-0.15384615384615385,10
128,2020-12-19,Southampton,Man City,0,1,NH,24,18,17,12,1.7692307692307692,1.5384615384615385,W,W,L,D,W,D,D,W,W,L,16,18,13.0,WWLDW,DDWWL,10,8,0,0,0,0,0,0,0,0,0.5384615384615384,0.46153846153846156,0.23076923076923078,0.15384615384615385,-2
129,2020-12-19,Everton,Arsenal,2,1,H,21,10,18,15,1.5384615384615385,1.0,W,D,L,W,L,L,L,L,D,L,8,5,13.0,WDLWL,LLLDL,7,1,0,0,0,0,0,0,0,0,0.23076923076923078,-0.38461538461538464,0.5384615384615384,0.46153846153846156,3
130,2020-12-19,Newcastle,Fulham,1,1,NH,17,12,22,22,1.2857142857142858,0.6428571428571429,D,L,W,W,L,D,D,L,W,L,18,19,14.0,DLWWL,DDLWL,7,5,0,0,0,0,0,0,0,0,-0.35714285714285715,-0.7142857142857143,0.6428571428571429,0.14285714285714285,-1
131,2020-12-20,Brighton,Sheffield United,1,1,NH,15,7,21,24,0.7857142857142857,0.07142857142857142,D,L,L,D,W,L,L,L,L,L,18,18,14.0,DLLDW,LLLLL,5,0,0,0,0,0,0,0,1,1,-0.42857142857142855,-1.2142857142857142,0.7142857142857143,0.35714285714285715,0
132,2020-12-20,Tottenham,Leicester,0,2,NH,25,24,12,17,1.7857142857142858,1.7142857142857142,L,D,W,D,W,L,W,W,L,L,18,18,14.0,LDWDW,LWWLL,8,6,0,0,0,0,0,0,0,0,0.9285714285714286,0.5,0.07142857142857142,0.14285714285714285,0
133,2020-12-20,Man United,Leeds,6,2,H,28,22,21,24,1.8571428571428572,1.2142857142857142,W,W,D,W,W,W,L,L,W,D,18,18,14.0,WWDWW,WLLWD,13,7,0,0,0,0,0,0,0,0,0.5,-0.14285714285714285,0.6428571428571429,0.42857142857142855,0
134,2020-12-20,West Brom,Aston Villa,0,3,NH,10,27,26,13,0.5,1.7857142857142858,D,L,L,W,L,W,W,D,W,L,18,18,14.0,DLLWL,WWDWL,4,10,0,0,0,0,0,0,0,0,-1.1428571428571428,1.0,-1.2857142857142858,-0.42857142857142855,0
135,2020-12-21,Burnley,Wolves,2,1,H,8,13,19,17,0.9285714285714286,1.4285714285714286,W,D,W,D,L,W,L,L,W,D,15,18,14.0,WDWDL,WLLWD,8,7,0,0,0,0,0,0,0,0,-0.7857142857142857,-0.2857142857142857,-0.5,0.07142857142857142,-3
136,2020-12-21,Chelsea,West Ham,3,0,H,26,21,14,16,1.5714285714285714,1.5,L,L,W,D,W,D,W,L,W,W,3,18,14.0,LLWDW,DWLWW,7,10,0,0,0,0,0,0,0,0,0.8571428571428571,0.35714285714285715,0.07142857142857142,-0.21428571428571427,-15
137,2020-12-26,Leicester,Man United,2,2,NH,24,28,17,21,1.7142857142857142,1.8571428571428572,L,W,W,L,L,W,W,D,W,W,18,18,14.0,LWWLL,WWDWW,6,13,0,0,0,0,0,0,0,0,0.5,0.5,-0.14285714285714285,-0.5,0
138,2020-12-26,Aston Villa,Crystal Palace,3,0,H,27,19,13,18,1.7857142857142858,1.2857142857142858,W,W,D,W,L,D,D,W,L,L,18,12,14.0,WWDWL,DDWLL,10,5,0,0,0,0,0,0,0,0,1.0,0.07142857142857142,0.5,0.35714285714285715,6
139,2020-12-26,Fulham,Southampton,0,0,NH,12,25,22,18,0.6428571428571429,1.7142857142857142,D,D,L,W,L,D,W,W,L,D,19,16,14.0,DDLWL,DWWLD,5,8,0,0,0,0,0,0,0,0,-0.7142857142857143,0.5,-1.0714285714285714,-0.21428571428571427,3
140,2020-12-26,Arsenal,Chelsea,3,1,H,12,29,18,14,0.9333333333333333,1.6666666666666667,L,D,L,L,L,W,L,L,W,D,5,3,15.0,LDLLL,WLLWD,1,7,0,0,1,0,0,0,0,0,-0.4,1.0,-0.7333333333333333,-0.4,2
141,2020-12-26,Man City,Newcastle,2,0,H,21,17,12,24,1.7333333333333334,1.2,W,W,D,D,W,L,D,L,W,W,18,18,15.0,WWDDW,LDLWW,11,7,0,0,0,0,0,0,0,0,0.6,-0.4666666666666667,0.5333333333333333,0.26666666666666666,0
142,2020-12-26,Sheffield United,Everton,0,1,NH,8,25,25,19,0.13333333333333333,1.7333333333333334,D,L,L,L,L,W,W,W,D,L,18,8,15.0,DLLLL,WWWDL,1,10,0,0,1,0,0,0,0,0,-1.1333333333333333,0.4,-1.6,-0.6,10
143,2020-12-27,Leeds,Burnley,1,0,H,24,8,30,20,1.1333333333333333,0.8666666666666667,L,W,L,L,W,L,W,D,W,D,18,15,15.0,LWLLW,LWDWD,6,8,0,0,0,0,0,0,0,0,-0.4,-0.8,0.26666666666666666,-0.13333333333333333,3
144,2020-12-27,West Ham,Brighton,2,2,NH,21,16,19,22,1.4,0.8,L,D,W,L,W,D,D,L,L,D,18,18,15.0,LDWLW,DDLLD,7,3,0,0,0,0,0,0,0,0,0.13333333333333333,-0.4,0.6,0.26666666666666666,0
145,2020-12-27,Liverpool,West Brom,1,1,NH,36,10,19,29,2.066666666666667,0.4666666666666667,W,W,D,W,D,L,D,L,L,W,2,18,15.0,WWDWD,LDLLW,11,4,0,0,0,0,0,0,0,0,1.1333333333333333,-1.2666666666666666,1.6,0.4666666666666667,-16
146,2020-12-27,Wolves,Tottenham,1,1,NH,14,25,19,14,1.3333333333333333,1.6666666666666667,L,W,L,L,W,L,L,D,W,D,18,18,15.0,LWLLW,LLDWD,6,5,0,0,0,0,0,0,0,0,-0.3333333333333333,0.7333333333333333,-0.3333333333333333,0.06666666666666667,0
147,2020-12-28,Crystal Palace,Leicester,1,1,NH,19,26,25,17,1.2,1.8,L,D,D,W,L,W,L,W,W,L,12,18,15.0,LDDWL,WLWWL,5,9,0,0,0,0,0,0,0,0,-0.4,0.6,-0.6,-0.26666666666666666,-6
148,2020-12-28,Chelsea,Aston Villa,1,1,NH,29,28,14,14,1.6666666666666667,1.7333333333333334,W,L,L,W,D,D,W,W,D,W,3,18,15.0,WLLWD,DWWDW,7,11,0,0,0,0,0,0,0,0,1.0,0.9333333333333333,-0.06666666666666667,-0.26666666666666666,-15
149,2020-12-29,Brighton,Arsenal,0,1,NH,16,12,22,18,0.8,0.9333333333333333,D,D,L,L,D,L,D,L,L,L,18,5,15.0,DDLLD,LDLLL,3,1,0,0,0,0,0,0,1,0,-0.4,-0.4,-0.13333333333333333,0.13333333333333333,13
150,2020-12-29,Burnley,Sheffield United,1,0,H,9,8,20,26,1.0,0.125,W,L,W,D,W,L,D,L,L,L,15,18,16.0,WLWDW,LDLLL,10,1,0,0,0,0,0,0,1,0,-0.6875,-1.125,0.875,0.5625,-3
151,2020-12-29,Southampton,West Ham,0,0,NH,25,23,19,21,1.5625,1.375,D,L,D,W,W,D,L,D,W,L,16,18,16.0,DLDWW,DLDWL,8,5,0,0,0,0,0,0,0,0,0.375,0.125,0.1875,0.1875,-2
152,2020-12-29,West Brom,Leeds,0,5,NH,11,25,30,30,0.5,1.25,D,L,D,L,L,W,L,W,L,L,18,18,16.0,DLDLL,WLWLL,2,6,0,0,0,0,0,0,0,0,-1.1875,-0.3125,-0.75,-0.25,0
153,2020-12-29,Man United,Wolves,1,0,H,31,15,23,20,1.875,1.3125,W,D,W,W,D,D,L,W,L,L,18,18,16.0,WDWWD,DLWLL,11,4,0,0,0,0,0,0,0,0,0.5,-0.3125,0.5625,0.4375,0
154,2020-12-30,Newcastle,Liverpool,0,0,NH,17,37,24,20,1.1875,2.0,D,L,D,L,W,D,W,W,D,W,18,2,16.0,DLDLW,DWWDW,5,11,0,0,0,0,0,0,0,0,-0.4375,1.0625,-0.8125,-0.375,16
155,2021-01-01,Everton,West Ham,0,1,NH,26,23,19,21,1.8125,1.375,W,W,W,W,D,D,L,D,W,L,8,18,16.0,WWWWD,DLDWL,13,5,0,0,0,0,0,0,0,0,0.4375,0.125,0.4375,0.5,-10
156,2021-01-01,Man United,Aston Villa,2,1,H,31,29,23,16,1.875,1.625,W,D,W,W,D,L,D,W,W,D,18,18,16.0,WDWWD,LDWWD,11,8,0,0,0,0,0,0,0,0,0.5,0.8125,0.25,0.1875,0
157,2021-01-02,Tottenham,Leeds,3,0,H,26,25,15,30,1.625,1.25,D,L,L,D,W,W,L,W,L,L,18,18,16.0,DLLDW,WLWLL,5,6,0,0,0,0,0,0,0,0,0.6875,-0.3125,0.375,-0.0625,0
158,2021-01-02,Crystal Palace,Sheffield United,2,0,H,19,8,28,26,1.125,0.125,L,L,D,D,W,L,D,L,L,L,12,18,16.0,LLDDW,LDLLL,5,1,0,0,0,0,0,0,1,0,-0.5625,-1.125,1.0,0.25,-6
159,2021-01-02,Brighton,Wolves,3,3,NH,18,15,24,20,0.8125,1.3125,D,D,D,L,L,D,L,W,L,L,18,18,16.0,DDDLL,DLWLL,3,4,0,0,0,0,0,0,0,0,-0.375,-0.3125,-0.5,-0.0625,0
160,2021-01-02,West Brom,Arsenal,0,4,NH,11,16,35,19,0.47058823529411764,1.1764705882352942,L,D,L,D,L,W,W,L,D,L,18,5,17.0,LDLDL,WWLDL,2,7,0,0,0,0,0,0,0,0,-1.411764705882353,-0.17647058823529413,-0.7058823529411765,-0.29411764705882354,13
161,2021-01-03,Newcastle,Leicester,1,2,NH,18,29,26,20,1.1176470588235294,1.7058823529411764,L,D,L,D,L,D,D,W,L,W,18,18,17.0,LDLDL,DDWLW,2,8,0,0,0,0,0,0,0,0,-0.47058823529411764,0.5294117647058824,-0.5882352941176471,-0.35294117647058826,0
162,2021-01-03,Chelsea,Man City,1,3,NH,31,25,18,13,1.5294117647058822,1.8823529411764706,D,L,W,L,L,W,W,W,W,D,3,18,17.0,DLWLL,WWWWD,4,13,0,0,0,0,0,0,0,0,0.7647058823529411,0.7058823529411765,-0.35294117647058826,-0.5294117647058824,-15
163,2021-01-04,Southampton,Liverpool,1,0,H,25,37,19,20,1.5294117647058822,1.9411764705882353,D,D,L,D,W,D,D,W,W,D,16,2,17.0,DDLDW,DDWWD,6,9,0,0,0,0,0,0,0,0,0.35294117647058826,1.0,-0.4117647058823529,-0.17647058823529413,14
164,2021-01-12,Sheffield United,Newcastle,1,0,H,8,18,27,26,0.11764705882352941,1.1176470588235294,L,L,D,L,L,L,D,L,D,L,18,18,17.0,LLDLL,LDLDL,1,2,0,0,0,0,0,0,0,0,-1.1176470588235294,-0.47058823529411764,-1.0,-0.058823529411764705,0
165,2021-01-12,Burnley,Man United,0,1,NH,9,33,21,24,0.9411764705882353,1.9411764705882353,L,W,L,W,D,W,W,D,W,W,15,18,17.0,LWLWD,WWDWW,7,13,0,0,0,0,0,0,0,0,-0.7058823529411765,0.5294117647058824,-1.0,-0.35294117647058826,-3
166,2021-01-12,Wolves,Everton,1,2,NH,15,26,21,20,1.2352941176470589,1.7058823529411764,L,D,L,W,L,L,W,W,W,W,18,8,17.0,LDLWL,LWWWW,4,12,0,0,0,0,1,0,0,0,-0.35294117647058826,0.35294117647058826,-0.47058823529411764,-0.47058823529411764,10
167,2021-01-13,Man City,Brighton,1,0,H,25,18,13,25,1.8823529411764706,0.7647058823529411,W,W,W,W,D,L,D,D,D,L,18,18,17.0,WWWWD,LDDDL,13,3,0,0,0,0,0,0,0,0,0.7058823529411765,-0.4117647058823529,1.1176470588235294,0.5882352941176471,0
168,2021-01-13,Tottenham,Fulham,1,1,NH,29,14,15,24,1.7058823529411764,0.7058823529411765,W,D,L,L,D,D,D,D,D,D,18,19,17.0,WDLLD,DDDDD,5,5,0,0,0,0,0,0,0,0,0.8235294117647058,-0.5882352941176471,1.0,0.0,-1
169,2021-01-14,Arsenal,Crystal Palace,0,0,NH,16,20,19,29,1.1764705882352942,1.1176470588235294,W,W,L,D,L,D,L,L,D,D,5,12,17.0,WWLDL,DLLDD,7,3,0,0,0,0,0,0,0,0,-0.17647058823529413,-0.5294117647058824,0.058823529411764705,0.23529411764705882,-7
170,2021-01-16,Wolves,West Brom,2,3,NH,18,11,24,39,1.2222222222222223,0.4444444444444444,D,L,D,L,W,L,L,D,L,D,18,18,18.0,DLDLW,LLDLD,5,2,0,0,0,0,0,0,0,0,-0.3333333333333333,-1.5555555555555556,0.7777777777777778,0.16666666666666666,0
171,2021-01-16,Leeds,Brighton,0,1,NH,30,21,33,28,1.2777777777777777,0.7777777777777778,L,W,W,L,W,D,L,D,D,D,18,18,18.0,LWWLW,DLDDD,9,4,0,0,0,0,0,0,0,0,-0.16666666666666666,-0.3888888888888889,0.5,0.2777777777777778,0
172,2021-01-16,West Ham,Burnley,1,0,H,24,9,21,22,1.4444444444444444,0.8888888888888888,W,D,D,L,D,L,L,W,L,W,18,15,18.0,WDDLD,LLWLW,6,6,0,0,0,0,0,0,0,0,0.16666666666666666,-0.7222222222222222,0.5555555555555556,0.0,3
173,2021-01-16,Fulham,Chelsea,0,1,NH,14,32,25,21,0.6666666666666666,1.4444444444444444,L,D,D,D,D,L,D,L,W,L,19,3,18.0,LDDDD,LDLWL,4,4,0,0,0,0,0,0,0,0,-0.6111111111111112,0.6111111111111112,-0.7777777777777778,0.0,16
174,2021-01-16,Leicester,Southampton,2,0,H,31,26,21,19,1.7777777777777777,1.6111111111111112,W,D,D,W,L,W,D,D,L,D,18,16,18.0,WDDWL,WDDLD,8,6,0,0,0,0,0,0,0,0,0.5555555555555556,0.3888888888888889,0.16666666666666666,0.1111111111111111,2
175,2021-01-17,Sheffield United,Tottenham,1,3,NH,8,30,29,16,0.1111111111111111,1.6666666666666667,L,L,L,D,L,D,W,D,L,L,18,18,18.0,LLLDL,DWDLL,1,5,0,0,0,0,0,0,0,0,-1.1666666666666667,0.7777777777777778,-1.5555555555555556,-0.2222222222222222,0
176,2021-01-17,Liverpool,Man United,0,0,NH,37,34,21,24,1.8333333333333333,2.0,L,D,D,W,W,W,W,W,D,W,2,18,18.0,LDDWW,WWWDW,8,13,0,0,0,0,0,0,0,0,0.8888888888888888,0.5555555555555556,-0.16666666666666666,-0.2777777777777778,-16
177,2021-01-17,Man City,Crystal Palace,4,0,H,29,22,13,29,1.9444444444444444,1.2222222222222223,W,W,W,W,W,W,D,L,L,D,18,12,18.0,WWWWW,WDLLD,15,5,1,1,0,0,0,0,0,0,0.8888888888888888,-0.3888888888888889,0.7222222222222222,0.5555555555555556,6
178,2021-01-18,Arsenal,Newcastle,3,0,H,20,18,19,27,1.2777777777777777,1.0555555555555556,W,W,W,L,D,L,L,D,L,D,5,18,18.0,WWWLD,LLDLD,10,2,0,0,0,0,0,0,0,0,0.05555555555555555,-0.5,0.2222222222222222,0.4444444444444444,-13
179,2021-01-19,West Ham,West Brom,2,1,H,24,11,21,39,1.4444444444444444,0.4444444444444444,W,D,D,L,D,L,L,D,L,D,18,18,18.0,WDDLD,LLDLD,6,2,0,0,0,0,0,0,0,0,0.16666666666666666,-1.5555555555555556,1.0,0.2222222222222222,0
180,2021-01-19,Leicester,Chelsea,2,0,H,33,33,21,21,1.8421052631578947,1.5263157894736843,W,W,D,D,W,W,L,D,L,W,18,3,19.0,WWDDW,WLDLW,11,7,0,0,0,0,0,0,0,0,0.631578947368421,0.631578947368421,0.3157894736842105,0.21052631578947367,15
181,2021-01-20,Man City,Aston Villa,2,0,H,31,33,13,21,2.0,1.5263157894736843,W,W,W,W,W,L,W,L,L,D,18,18,19.0,WWWWW,LWLLD,15,4,1,1,0,0,0,0,0,0,0.9473684210526315,0.631578947368421,0.47368421052631576,0.5789473684210527,0
182,2021-01-20,Fulham,Man United,1,2,NH,15,34,27,24,0.631578947368421,1.9473684210526316,L,L,D,D,D,D,W,W,W,D,19,18,19.0,LLDDD,DWWWD,3,11,0,0,0,0,0,0,0,0,-0.631578947368421,0.5263157894736842,-1.3157894736842106,-0.42105263157894735,1
183,2021-01-21,Liverpool,Burnley,0,1,NH,37,10,21,22,1.7894736842105263,1.0,D,L,D,D,W,W,L,L,W,L,2,15,19.0,DLDDW,WLLWL,6,6,0,0,0,0,0,0,0,0,0.8421052631578947,-0.631578947368421,0.7894736842105263,0.0,-13
184,2021-01-23,Aston Villa,Newcastle,2,0,H,33,18,21,30,1.5263157894736843,1.0,L,W,L,L,D,L,L,L,D,L,18,18,19.0,LWLLD,LLLDL,4,1,0,0,0,0,0,0,0,0,0.631578947368421,-0.631578947368421,0.5263157894736842,0.15789473684210525,0
185,2021-01-26,Crystal Palace,West Ham,2,3,NH,22,25,29,21,1.2105263157894737,1.5263157894736843,D,W,D,L,L,W,W,D,D,L,12,18,19.0,DWDLL,WWDDL,5,8,0,0,0,0,0,0,0,0,-0.3684210526315789,0.21052631578947367,-0.3157894736842105,-0.15789473684210525,-6
186,2021-01-26,Newcastle,Leeds,1,2,NH,18,30,30,34,1.0,1.2105263157894737,L,L,L,D,L,L,L,W,W,L,18,18,19.0,LLLDL,LLWWL,1,6,0,0,0,0,0,0,0,0,-0.631578947368421,-0.21052631578947367,-0.21052631578947367,-0.2631578947368421,0
187,2021-01-26,Southampton,Arsenal,1,3,NH,26,20,21,19,1.5263157894736843,1.263157894736842,L,W,D,D,L,D,W,W,W,L,16,5,19.0,LWDDL,DWWWL,5,10,0,0,0,0,0,0,0,0,0.2631578947368421,0.05263157894736842,0.2631578947368421,-0.2631578947368421,11
188,2021-01-26,West Brom,Man City,0,5,NH,14,31,41,13,0.5789473684210527,2.0,W,L,L,D,L,W,W,W,W,W,18,18,19.0,WLLDL,WWWWW,4,15,0,0,0,0,1,1,0,0,-1.4210526315789473,0.9473684210526315,-1.4210526315789473,-0.5789473684210527,0
189,2021-01-27,Burnley,Aston Villa,3,2,H,10,33,22,21,1.0,1.5263157894736843,W,L,L,W,L,L,W,L,L,D,15,18,19.0,WLLWL,LWLLD,6,4,0,0,0,0,0,0,0,0,-0.631578947368421,0.631578947368421,-0.5263157894736842,0.10526315789473684,-3
190,2021-01-27,Chelsea,Wolves,0,0,NH,33,21,23,29,1.45,1.1,L,W,L,D,L,L,L,D,L,D,3,18,20.0,LWLDL,LLDLD,4,2,0,0,0,0,0,0,0,0,0.5,-0.4,0.35,0.1,-15
191,2021-01-27,Brighton,Fulham,0,0,NH,22,15,29,27,0.85,0.65,W,L,D,L,D,D,L,L,D,D,18,19,20.0,WLDLD,DLLDD,5,3,0,0,0,0,0,0,0,0,-0.35,-0.6,0.2,0.1,-1
192,2021-01-27,Everton,Leicester,1,1,NH,29,35,24,21,1.65,1.9,L,D,W,L,W,W,W,W,D,D,8,18,20.0,LDWLW,WWWDD,7,11,0,0,0,0,0,0,0,0,0.25,0.7,-0.25,-0.2,-10
193,2021-01-27,Man United,Sheffield United,1,2,NH,36,10,25,32,2.0,0.25,W,D,W,W,W,L,W,L,L,L,18,18,20.0,WDWWW,LWLLL,13,3,1,0,0,0,0,0,1,0,0.55,-1.1,1.75,0.5,0
194,2021-01-28,Tottenham,Liverpool,1,3,NH,34,37,20,22,1.65,1.7,L,W,D,W,D,L,D,L,D,D,18,2,20.0,LWDWD,LDLDD,8,3,0,0,0,0,0,0,0,0,0.7,0.75,-0.05,0.25,16
195,2021-01-30,Everton,Newcastle,0,2,NH,29,18,24,32,1.65,0.95,L,D,W,L,W,L,L,L,L,D,8,18,20.0,LDWLW,LLLLD,7,1,0,0,0,0,0,0,0,0,0.25,-0.7,0.7,0.3,-10
196,2021-01-30,Crystal Palace,Wolves,1,0,H,22,21,33,29,1.15,1.1,L,D,W,D,L,L,L,D,L,D,12,18,20.0,LDWDL,LLDLD,5,2,0,0,0,0,0,0,0,0,-0.55,-0.4,0.05,0.15,-6
197,2021-01-30,Man City,Sheffield United,1,0,H,36,10,13,32,2.05,0.25,W,W,W,W,W,L,W,L,L,L,18,18,20.0,WWWWW,LWLLL,15,3,1,1,0,0,0,0,1,0,1.15,-1.1,1.8,0.6,0
198,2021-01-30,West Brom,Fulham,2,2,NH,15,15,43,27,0.55,0.65,L,W,L,L,D,D,L,L,D,D,18,19,20.0,LWLLD,DLLDD,4,3,0,0,0,0,0,0,0,0,-1.4,-0.6,-0.1,0.05,-1
199,2021-01-30,Arsenal,Man United,0,0,NH,23,36,19,25,1.35,2.0,W,D,W,W,W,W,D,W,W,W,5,18,20.0,WDWWW,WDWWW,13,13,1,0,0,0,1,0,0,0,0.2,0.55,-0.65,0.0,-13
200,2021-01-30,Southampton,Aston Villa,0,1,NH,27,35,25,24,1.380952380952381,1.5238095238095237,L,L,L,W,D,L,W,L,W,L,16,18,21.0,LLLWD,LWLWL,4,6,0,0,0,0,0,0,0,0,0.09523809523809523,0.5238095238095238,-0.14285714285714285,-0.09523809523809523,-2
201,2021-01-31,Chelsea,Burnley,2,0,H,33,13,23,26,1.4285714285714286,1.0476190476190477,D,L,W,L,D,L,W,W,L,L,3,15,21.0,DLWLD,LWWLL,5,6,0,0,0,0,0,0,0,0,0.47619047619047616,-0.6190476190476191,0.38095238095238093,-0.047619047619047616,-12
202,2021-01-31,Leicester,Leeds,1,3,NH,36,35,22,36,1.8571428571428572,1.380952380952381,D,W,W,W,D,W,W,L,L,W,18,18,21.0,DWWWD,WWLLW,11,9,0,0,0,0,0,0,0,0,0.6666666666666666,-0.047619047619047616,0.47619047619047616,0.09523809523809523,0
203,2021-01-31,West Ham,Liverpool,1,3,NH,30,40,24,23,1.6666666666666667,1.7619047619047619,W,W,W,W,D,W,L,D,L,D,18,2,21.0,WWWWD,WLDLD,13,5,0,0,0,0,0,0,0,0,0.2857142857142857,0.8095238095238095,-0.09523809523809523,0.38095238095238093,16
204,2021-01-31,Brighton,Tottenham,1,0,H,22,34,29,21,0.8571428571428571,1.5714285714285714,D,W,L,D,L,L,L,W,D,W,18,18,21.0,DWLDL,LLWDW,5,7,0,0,0,0,0,0,0,0,-0.3333333333333333,0.6190476190476191,-0.7142857142857143,-0.09523809523809523,0
205,2021-02-02,Sheffield United,West Brom,2,1,H,12,15,33,48,0.38095238095238093,0.5238095238095238,W,L,W,L,L,L,L,W,L,L,18,18,21.0,WLWLL,LLWLL,6,3,0,0,0,0,0,0,0,0,-1.0,-1.5714285714285714,-0.14285714285714285,0.14285714285714285,0
206,2021-02-02,Wolves,Arsenal,2,1,H,21,26,29,20,1.0952380952380953,1.4285714285714286,D,L,L,D,L,W,W,D,W,W,18,5,21.0,DLLDL,WWDWW,2,13,0,0,0,0,0,0,0,0,-0.38095238095238093,0.2857142857142857,-0.3333333333333333,-0.5238095238095238,13
207,2021-02-02,Man United,Southampton,9,0,H,37,27,27,25,1.9047619047619047,1.380952380952381,L,W,D,W,W,L,L,L,W,D,18,16,21.0,LWDWW,LLLWD,10,4,0,0,0,0,0,0,0,0,0.47619047619047616,0.09523809523809523,0.5238095238095238,0.2857142857142857,2
208,2021-02-02,Newcastle,Crystal Palace,1,2,NH,19,24,34,36,0.9047619047619048,1.0952380952380953,L,L,L,L,L,L,L,D,W,D,18,12,21.0,LLLLL,LLDWD,0,5,0,0,1,1,0,0,0,0,-0.7142857142857143,-0.5714285714285714,-0.19047619047619047,-0.23809523809523808,6
209,2021-02-03,Burnley,Man City,0,2,NH,13,37,26,13,1.0476190476190477,2.0952380952380953,L,W,W,L,L,W,W,W,W,W,15,18,21.0,LWWLL,WWWWW,6,15,0,0,0,0,1,1,0,0,-0.6190476190476191,1.1428571428571428,-1.0476190476190477,-0.42857142857142855,-3
210,2021-02-03,Fulham,Leicester,0,2,NH,17,37,31,25,0.6363636363636364,1.7727272727272727,L,D,D,L,L,L,D,W,W,W,19,18,22.0,LDDLL,LDWWW,2,10,0,0,0,0,1,0,0,0,-0.6363636363636364,0.5454545454545454,-1.1363636363636365,-0.36363636363636365,1
211,2021-02-03,Leeds,Everton,1,2,NH,36,34,38,28,1.3181818181818181,1.6818181818181819,L,W,W,L,L,D,W,L,D,W,18,8,22.0,LWWLL,DWLDW,6,8,0,0,0,0,0,0,0,0,-0.09090909090909091,0.2727272727272727,-0.36363636363636365,-0.09090909090909091,10
212,2021-02-03,Aston Villa,West Ham,1,3,NH,36,31,24,27,1.5909090909090908,1.5909090909090908,W,L,W,L,W,L,W,W,W,W,18,18,22.0,WLWLW,LWWWW,9,12,0,0,0,0,1,0,0,0,0.5454545454545454,0.18181818181818182,0.0,-0.13636363636363635,0
213,2021-02-03,Liverpool,Brighton,0,1,NH,43,23,24,29,1.8181818181818181,0.9545454545454546,W,W,L,D,L,W,D,W,L,D,2,18,22.0,WWLDL,WDWLD,7,8,0,0,0,0,0,0,0,0,0.8636363636363636,-0.2727272727272727,0.8636363636363636,-0.045454545454545456,-16
214,2021-02-04,Tottenham,Chelsea,0,1,NH,34,35,22,23,1.5,1.5,L,L,L,W,D,W,D,L,W,L,18,3,22.0,LLLWD,WDLWL,4,7,0,0,0,0,0,0,0,0,0.5454545454545454,0.5454545454545454,0.0,-0.13636363636363635,15
215,2021-02-06,Aston Villa,Arsenal,1,0,H,36,26,24,20,1.5909090909090908,1.4090909090909092,W,L,W,L,W,D,W,W,D,W,18,5,22.0,WLWLW,DWWDW,9,11,0,0,0,0,0,0,0,0,0.5454545454545454,0.2727272727272727,0.18181818181818182,-0.09090909090909091,13
216,2021-02-06,Burnley,Brighton,1,1,NH,13,23,28,29,1.0,0.9545454545454546,L,L,W,W,L,W,D,W,L,D,15,18,22.0,LLWWL,WDWLD,6,8,0,0,0,0,0,0,0,0,-0.6818181818181818,-0.2727272727272727,0.045454545454545456,-0.09090909090909091,-3
217,2021-02-06,Newcastle,Southampton,3,2,H,21,27,34,34,1.0,1.3181818181818181,W,L,L,L,L,L,L,L,L,W,18,16,22.0,WLLLL,LLLLW,3,3,0,0,1,0,0,0,0,0,-0.5909090909090909,-0.3181818181818182,-0.3181818181818182,0.0,2
218,2021-02-06,Fulham,West Ham,0,0,NH,17,31,31,27,0.6363636363636364,1.5909090909090908,L,D,D,L,L,L,W,W,W,W,19,18,22.0,LDDLL,LWWWW,2,12,0,0,0,0,1,0,0,0,-0.6363636363636364,0.18181818181818182,-0.9545454545454546,-0.45454545454545453,1
219,2021-02-06,Man United,Everton,3,3,NH,37,34,27,28,1.8636363636363635,1.6818181818181819,D,L,W,D,W,D,W,L,D,W,18,8,22.0,DLWDW,DWLDW,8,8,0,0,0,0,0,0,0,0,0.45454545454545453,0.2727272727272727,0.18181818181818182,0.0,10
220,2021-02-07,Tottenham,West Brom,2,0,H,36,18,22,52,1.565217391304348,0.5217391304347826,W,L,L,L,W,L,D,L,L,W,18,18,23.0,WLLLW,LDLLW,6,4,0,0,0,0,0,0,0,0,0.6086956521739131,-1.4782608695652173,1.0434782608695652,0.08695652173913043,0
221,2021-02-07,Wolves,Leicester,0,0,NH,23,39,31,25,1.1304347826086956,1.826086956521739,W,L,D,L,L,W,L,D,W,W,18,18,23.0,WLDLL,WLDWW,4,10,0,0,0,0,0,0,0,0,-0.34782608695652173,0.6086956521739131,-0.6956521739130435,-0.2608695652173913,0
222,2021-02-07,Liverpool,Man City,1,4,NH,43,43,25,14,1.7391304347826086,2.1739130434782608,L,W,W,L,D,W,W,W,W,W,2,18,23.0,LWWLD,WWWWW,7,15,0,0,0,0,1,1,0,0,0.782608695652174,1.2608695652173914,-0.43478260869565216,-0.34782608695652173,-16
223,2021-02-07,Sheffield United,Chelsea,1,2,NH,14,36,35,23,0.4782608695652174,1.565217391304348,W,L,W,L,W,W,W,D,L,W,18,3,23.0,WLWLW,WWDLW,9,10,0,0,0,0,0,0,0,0,-0.9130434782608695,0.5652173913043478,-1.0869565217391304,-0.043478260869565216,15
224,2021-02-08,Leeds,Crystal Palace,2,0,H,38,27,38,37,1.391304347826087,1.2608695652173914,W,L,W,W,L,W,W,L,L,D,18,12,23.0,WLWWL,WWLLD,9,7,0,0,0,0,0,0,0,0,0.0,-0.43478260869565216,0.13043478260869565,0.08695652173913043,6
225,2021-02-13,Leicester,Liverpool,3,1,H,39,43,25,25,1.826086956521739,1.7391304347826086,W,L,D,W,W,L,W,W,L,D,18,2,23.0,WLDWW,LWWLD,10,7,0,0,0,0,0,0,0,0,0.6086956521739131,0.782608695652174,0.08695652173913043,0.13043478260869565,16
226,2021-02-13,Crystal Palace,Burnley,0,3,NH,27,14,37,29,1.2608695652173914,1.0,W,W,L,L,D,D,L,L,W,W,12,15,23.0,WWLLD,DLLWW,7,7,0,0,0,0,0,0,0,0,-0.43478260869565216,-0.6521739130434783,0.2608695652173913,0.0,-3
227,2021-02-13,Man City,Tottenham,3,0,H,43,36,14,22,2.1739130434782608,1.565217391304348,W,W,W,W,W,W,L,L,L,W,18,18,23.0,WWWWW,WLLLW,15,6,1,1,0,0,0,0,0,0,1.2608695652173914,0.6086956521739131,0.6086956521739131,0.391304347826087,0
228,2021-02-13,Brighton,Aston Villa,0,0,NH,24,36,29,24,1.0434782608695652,1.565217391304348,W,W,D,W,L,D,W,L,W,L,18,18,23.0,WWDWL,DWLWL,10,7,0,0,0,0,0,0,0,0,-0.21739130434782608,0.5217391304347826,-0.5217391304347826,0.13043478260869565,0
229,2021-02-14,Southampton,Wolves,1,2,NH,29,23,37,31,1.2608695652173914,1.1304347826086956,L,L,L,L,L,W,L,D,L,L,16,18,23.0,LLLLL,WLDLL,0,4,0,0,1,1,0,0,0,0,-0.34782608695652173,-0.34782608695652173,0.13043478260869565,-0.17391304347826086,-2
230,2021-02-14,West Brom,Man United,1,1,NH,18,49,54,30,0.5,1.875,L,L,D,L,L,D,W,D,L,W,18,18,24.0,LLDLL,DWDLW,1,8,0,0,0,0,0,0,0,0,-1.5,0.7916666666666666,-1.375,-0.2916666666666667,0
231,2021-02-14,Arsenal,Leeds,4,2,H,27,40,23,42,1.2916666666666667,1.3333333333333333,L,L,D,W,W,L,W,L,W,W,5,18,24.0,LLDWW,LWLWW,7,9,0,0,0,0,0,0,0,0,0.16666666666666666,-0.08333333333333333,-0.041666666666666664,-0.08333333333333333,-13
232,2021-02-14,Everton,Fulham,0,2,NH,35,19,33,31,1.5416666666666667,0.75,L,L,D,W,L,W,D,L,D,D,8,19,24.0,LLDWL,WDLDD,4,6,0,0,0,0,0,0,0,0,0.08333333333333333,-0.5,0.7916666666666666,-0.08333333333333333,-11
233,2021-02-15,West Ham,Sheffield United,3,0,H,34,15,28,37,1.625,0.4583333333333333,D,W,L,W,W,L,W,L,W,L,18,18,24.0,DWLWW,LWLWL,10,6,0,0,0,0,0,0,0,0,0.25,-0.9166666666666666,1.1666666666666667,0.16666666666666666,0
234,2021-02-15,Chelsea,Newcastle,2,0,H,38,25,24,38,1.625,1.0416666666666667,W,W,W,D,L,W,L,W,L,L,3,18,24.0,WWWDL,WLWLL,10,6,0,0,0,0,0,0,0,0,0.5833333333333334,-0.5416666666666666,0.5833333333333334,0.16666666666666666,-15
235,2021-02-17,Burnley,Fulham,1,1,NH,17,19,29,31,1.0833333333333333,0.75,W,D,L,L,W,W,D,L,D,D,15,19,24.0,WDLLW,WDLDD,7,6,0,0,0,0,0,0,0,0,-0.5,-0.5,0.3333333333333333,0.041666666666666664,-4
236,2021-02-17,Everton,Man City,1,3,NH,35,46,33,14,1.5416666666666667,2.2083333333333335,L,L,D,W,L,W,W,W,W,W,8,18,24.0,LLDWL,WWWWW,4,15,0,0,0,0,1,1,0,0,0.08333333333333333,1.3333333333333333,-0.6666666666666666,-0.4583333333333333,-10
237,2021-02-19,Wolves,Leeds,1,0,H,23,40,31,42,1.125,1.3333333333333333,D,W,L,D,L,L,W,L,W,W,18,18,24.0,DWLDL,LWLWW,5,9,0,0,0,0,0,0,0,0,-0.3333333333333333,-0.08333333333333333,-0.20833333333333334,-0.16666666666666666,0
238,2021-02-20,Southampton,Chelsea,1,1,NH,30,38,39,24,1.2083333333333333,1.625,L,L,L,L,L,W,W,W,D,L,16,3,24.0,LLLLL,WWWDL,0,10,0,0,1,1,0,0,0,0,-0.375,0.5833333333333334,-0.4166666666666667,-0.4166666666666667,13
239,2021-02-20,Burnley,West Brom,0,0,NH,17,18,29,54,1.0833333333333333,0.5,W,D,L,L,W,L,L,D,L,L,15,18,24.0,WDLLW,LLDLL,7,1,0,0,0,0,0,0,0,0,-0.5,-1.5,0.5833333333333334,0.25,-3
240,2021-02-20,Liverpool,Everton,0,2,NH,45,37,32,33,1.6,1.6,L,L,L,W,W,W,L,L,D,W,2,8,25.0,LLLWW,WLLDW,6,7,0,0,0,0,0,0,0,0,0.52,0.16,0.0,-0.04,-6
241,2021-02-20,Fulham,Sheffield United,1,0,H,20,15,32,40,0.76,0.44,D,W,D,L,D,L,L,W,L,W,19,18,25.0,DWDLD,LLWLW,6,6,0,0,0,0,0,0,0,0,-0.48,-1.0,0.32,0.0,1
242,2021-02-21,West Ham,Tottenham,2,1,H,37,37,28,27,1.68,1.44,W,D,W,L,W,L,L,W,L,L,18,18,25.0,WDWLW,LLWLL,10,3,0,0,0,0,0,0,0,0,0.36,0.4,0.24,0.28,0
243,2021-02-21,Aston Villa,Leicester,1,2,NH,38,42,26,26,1.56,1.84,W,L,D,W,L,W,D,W,L,D,18,18,25.0,WLDWL,WDWLD,7,8,0,0,0,0,0,0,0,0,0.48,0.64,-0.28,-0.04,0
244,2021-02-21,Arsenal,Man City,0,1,NH,31,49,25,15,1.36,2.24,W,L,L,D,W,W,W,W,W,W,5,18,25.0,WLLDW,WWWWW,7,15,0,0,0,0,1,1,0,0,0.24,1.36,-0.88,-0.32,-13
245,2021-02-21,Man United,Newcastle,3,1,H,50,25,31,40,1.84,1.0,D,D,W,D,L,L,W,L,W,L,18,18,25.0,DDWDL,LWLWL,6,6,0,0,0,0,0,0,0,0,0.76,-0.6,0.84,0.0,0
246,2021-02-22,Brighton,Crystal Palace,1,2,NH,25,27,30,42,1.04,1.16,D,D,W,W,D,L,L,W,W,L,18,12,25.0,DDWWD,LLWWL,9,6,0,0,0,0,0,0,0,0,-0.2,-0.6,-0.12,0.12,6
247,2021-02-23,Leeds,Southampton,3,0,H,40,31,43,40,1.28,1.2,L,L,W,L,W,D,L,L,L,L,18,16,25.0,LLWLW,DLLLL,6,1,0,0,0,0,0,0,1,0,-0.12,-0.36,0.08,0.2,2
248,2021-02-27,Man City,West Ham,2,1,H,49,37,15,28,2.24,1.68,W,W,W,W,W,W,D,W,L,W,18,18,25.0,WWWWW,WDWLW,15,10,1,1,0,0,0,0,0,0,1.36,0.36,0.56,0.2,0
249,2021-02-27,West Brom,Brighton,1,0,H,19,25,55,30,0.52,1.04,D,L,L,D,L,D,D,W,W,D,18,18,25.0,DLLDL,DDWWD,2,9,0,0,0,0,0,0,0,0,-1.44,-0.2,-0.52,-0.28,0
250,2021-02-27,Leeds,Aston Villa,0,1,NH,43,38,43,27,1.3461538461538463,1.5,W,L,L,W,L,L,W,L,D,W,18,18,26.0,WLLWL,LWLDW,6,7,0,0,0,0,0,0,0,0,0.0,0.4230769230769231,-0.15384615384615385,-0.038461538461538464,0
251,2021-02-27,Newcastle,Wolves,1,1,NH,26,26,43,32,0.9615384615384616,1.2692307692307692,L,L,W,L,W,W,W,D,W,L,18,18,26.0,LLWLW,WWDWL,6,10,0,0,0,0,0,0,0,0,-0.6538461538461539,-0.23076923076923078,-0.3076923076923077,-0.15384615384615385,0
252,2021-02-28,Crystal Palace,Fulham,0,0,NH,29,21,43,32,1.2307692307692308,0.8461538461538461,W,L,L,W,W,W,D,W,D,L,12,19,26.0,WLLWW,WDWDL,9,8,0,0,0,0,0,0,0,0,-0.5384615384615384,-0.4230769230769231,0.38461538461538464,0.038461538461538464,-7
253,2021-02-28,Leicester,Arsenal,1,3,NH,44,31,27,26,1.8846153846153846,1.3076923076923077,W,W,D,W,L,L,W,L,L,D,18,5,26.0,WWDWL,LWLLD,10,4,0,0,0,0,0,0,0,0,0.6538461538461539,0.19230769230769232,0.5769230769230769,0.23076923076923078,13
254,2021-02-28,Tottenham,Burnley,4,0,H,41,18,27,30,1.5,1.0769230769230769,W,L,L,W,L,D,D,W,D,L,18,15,26.0,WLLWL,DDWDL,6,6,0,0,0,0,0,0,0,0,0.5384615384615384,-0.46153846153846156,0.4230769230769231,0.0,3
255,2021-02-28,Chelsea,Man United,0,0,NH,41,53,25,32,1.6538461538461537,1.8846153846153846,D,W,W,W,W,W,D,D,W,D,3,18,26.0,DWWWW,WDDWD,13,9,1,0,0,0,0,0,0,0,0.6153846153846154,0.8076923076923077,-0.23076923076923078,0.15384615384615385,-15
256,2021-02-28,Sheffield United,Liverpool,0,2,NH,15,45,41,34,0.4230769230769231,1.5384615384615385,L,L,L,W,L,L,L,L,L,W,18,2,26.0,LLLWL,LLLLW,3,3,0,0,0,0,0,0,0,0,-1.0,0.4230769230769231,-1.1153846153846154,0.0,16
257,2021-03-01,Everton,Southampton,1,0,H,38,31,33,43,1.6538461538461537,1.1538461538461537,W,W,L,L,D,L,D,L,L,L,8,16,26.0,WWLLD,LDLLL,7,1,0,0,0,0,0,0,1,0,0.19230769230769232,-0.46153846153846156,0.5,0.23076923076923078,-8
258,2021-03-02,Man City,Wolves,4,1,H,50,26,15,32,2.269230769230769,1.2692307692307692,W,W,W,W,W,W,W,D,W,L,18,18,26.0,WWWWW,WWDWL,15,10,1,1,0,0,0,0,0,0,1.3461538461538463,-0.23076923076923078,1.0,0.19230769230769232,0
259,2021-03-03,Burnley,Leicester,1,1,NH,18,44,30,27,1.0769230769230769,1.8846153846153846,D,D,W,D,L,W,W,D,W,L,15,18,26.0,DDWDL,WWDWL,6,10,0,0,0,0,0,0,0,0,-0.46153846153846156,0.6538461538461539,-0.8076923076923077,-0.15384615384615385,-3
260,2021-03-03,Sheffield United,Aston Villa,1,0,H,15,38,43,27,0.4074074074074074,1.4814814814814814,L,L,L,L,W,D,L,W,L,D,18,18,27.0,LLLLW,DLWLD,3,5,0,0,0,0,0,0,0,0,-1.037037037037037,0.4074074074074074,-1.0740740740740742,-0.07407407407407407,0
261,2021-03-03,Crystal Palace,Man United,0,0,NH,29,53,43,32,1.2222222222222223,1.8518518518518519,D,W,L,L,W,D,W,D,D,W,12,18,27.0,DWLLW,DWDDW,7,9,0,0,0,0,0,0,0,0,-0.5185185185185185,0.7777777777777778,-0.6296296296296297,-0.07407407407407407,-6
262,2021-03-04,Fulham,Tottenham,0,1,NH,21,42,32,27,0.8518518518518519,1.5555555555555556,D,W,D,W,D,W,W,L,L,W,19,18,27.0,DWDWD,WWLLW,9,9,0,0,0,0,0,0,0,0,-0.4074074074074074,0.5555555555555556,-0.7037037037037037,0.0,1
263,2021-03-04,West Brom,Everton,0,1,NH,20,39,55,33,0.6296296296296297,1.7037037037037037,W,D,D,L,L,W,W,W,L,L,18,8,27.0,WDDLL,WWWLL,5,9,0,0,0,0,0,0,0,0,-1.2962962962962963,0.2222222222222222,-1.0740740740740742,-0.14814814814814814,10
264,2021-03-04,Liverpool,Chelsea,0,1,NH,47,41,34,25,1.5925925925925926,1.6296296296296295,W,L,L,L,L,D,D,W,W,W,2,3,27.0,WLLLL,DDWWW,3,11,0,0,1,0,1,0,0,0,0.48148148148148145,0.5925925925925926,-0.037037037037037035,-0.2962962962962963,-1
265,2021-03-06,Burnley,Arsenal,1,1,NH,18,34,34,27,1.037037037037037,1.3703703703703705,L,D,D,W,D,W,L,W,L,L,15,5,27.0,LDDWD,WLWLL,6,6,0,0,0,0,0,0,0,0,-0.5925925925925926,0.25925925925925924,-0.3333333333333333,0.0,10
266,2021-03-06,Sheffield United,Southampton,0,2,NH,15,31,43,44,0.4074074074074074,1.1111111111111112,L,L,L,L,W,L,L,D,L,L,18,16,27.0,LLLLW,LLDLL,3,1,0,0,0,0,0,0,0,0,-1.037037037037037,-0.48148148148148145,-0.7037037037037037,0.07407407407407407,2
267,2021-03-06,Aston Villa,Wolves,0,0,NH,38,27,27,33,1.4814814814814814,1.2592592592592593,D,L,W,L,D,D,W,W,D,W,18,18,27.0,DLWLD,DWWDW,5,11,0,0,0,0,0,0,0,0,0.4074074074074074,-0.2222222222222222,0.2222222222222222,-0.2222222222222222,0
268,2021-03-06,Brighton,Leicester,1,2,NH,26,45,33,30,0.9629629629629629,1.8148148148148149,L,L,D,D,W,L,W,W,D,W,18,18,27.0,LLDDW,LWWDW,5,10,0,0,0,0,0,0,0,0,-0.25925925925925924,0.5555555555555556,-0.8518518518518519,-0.18518518518518517,0
269,2021-03-07,West Brom,Newcastle,0,0,NH,20,27,55,44,0.6296296296296297,0.9629629629629629,W,D,D,L,L,D,L,L,W,L,18,18,27.0,WDDLL,DLLWL,5,4,0,0,0,0,0,0,0,0,-1.2962962962962963,-0.6296296296296297,-0.3333333333333333,0.037037037037037035,0
270,2021-03-07,Liverpool,Fulham,0,1,NH,47,21,35,33,1.5357142857142858,0.8214285714285714,L,W,L,L,L,L,D,W,D,W,2,19,28.0,LWLLL,LDWDW,3,8,0,0,1,0,0,0,0,0,0.42857142857142855,-0.42857142857142855,0.7142857142857143,-0.17857142857142858,-17
271,2021-03-07,Man City,Man United,0,2,NH,56,53,17,32,2.3214285714285716,1.8214285714285714,W,W,W,W,W,D,D,W,D,D,18,18,28.0,WWWWW,DDWDD,15,7,1,1,0,0,0,0,0,0,1.3928571428571428,0.75,0.5,0.2857142857142857,0
272,2021-03-07,Tottenham,Crystal Palace,4,1,H,46,29,28,43,1.6071428571428572,1.2142857142857142,W,W,W,L,L,D,D,W,L,L,18,12,28.0,WWWLL,DDWLL,9,5,0,0,0,0,0,0,0,0,0.6428571428571429,-0.5,0.39285714285714285,0.14285714285714285,6
273,2021-03-08,Chelsea,Everton,2,0,H,42,39,25,35,1.6785714285714286,1.6428571428571428,W,D,D,W,W,L,W,W,W,L,3,8,28.0,WDDWW,LWWWL,11,9,0,0,0,0,0,0,0,0,0.6071428571428571,0.14285714285714285,0.03571428571428571,0.07142857142857142,-5
274,2021-03-08,West Ham,Leeds,2,0,H,42,43,31,46,1.7142857142857142,1.25,W,L,W,W,D,L,L,W,L,L,18,18,28.0,WLWWD,LLWLL,10,3,0,0,0,0,0,0,0,0,0.39285714285714285,-0.10714285714285714,0.4642857142857143,0.25,0
275,2021-03-10,Man City,Southampton,5,2,H,56,33,17,44,2.3214285714285716,1.1785714285714286,W,W,W,W,W,W,L,L,D,L,18,16,28.0,WWWWW,WLLDL,15,4,1,1,0,0,0,0,0,0,1.3928571428571428,-0.39285714285714285,1.1428571428571428,0.39285714285714285,2
276,2021-03-12,Newcastle,Aston Villa,1,1,NH,27,39,44,28,0.9642857142857143,1.4642857142857142,D,D,L,L,W,D,D,L,W,L,18,18,28.0,DDLLW,DDLWL,5,5,0,0,0,0,0,0,0,0,-0.6071428571428571,0.39285714285714285,-0.5,0.0,0
277,2021-03-13,Leeds,Chelsea,0,0,NH,43,42,46,25,1.25,1.6785714285714286,L,L,W,L,L,W,D,D,W,W,18,3,28.0,LLWLL,WDDWW,3,11,0,0,0,0,0,0,0,0,-0.10714285714285714,0.6071428571428571,-0.42857142857142855,-0.2857142857142857,15
278,2021-03-13,Crystal Palace,West Brom,1,0,H,29,20,43,56,1.2142857142857142,0.6071428571428571,D,D,W,L,L,L,W,D,D,L,12,18,28.0,DDWLL,LWDDL,5,5,0,0,0,0,0,0,0,0,-0.5,-1.2857142857142858,0.6071428571428571,0.0,-6
279,2021-03-13,Everton,Burnley,1,2,NH,39,19,35,35,1.6428571428571428,1.0357142857142858,L,W,W,W,L,D,L,D,D,W,8,15,28.0,LWWWL,DLDDW,9,6,0,0,0,0,0,0,0,0,0.14285714285714285,-0.5714285714285714,0.6071428571428571,0.10714285714285714,-7
280,2021-03-13,Fulham,Man City,0,3,NH,22,56,33,19,0.896551724137931,2.2413793103448274,W,L,D,W,D,L,W,W,W,W,19,18,29.0,WLDWD,LWWWW,8,12,0,0,0,0,1,0,0,0,-0.3793103448275862,1.2758620689655173,-1.3448275862068966,-0.13793103448275862,1
281,2021-03-14,Southampton,Brighton,1,2,NH,35,29,49,36,1.1379310344827587,1.0,L,W,L,L,D,W,L,L,L,D,16,18,29.0,LWLLD,WLLLD,4,4,0,0,0,0,0,0,0,0,-0.4827586206896552,-0.2413793103448276,0.13793103448275862,0.0,-2
282,2021-03-14,Leicester,Sheffield United,5,0,H,48,16,32,45,1.8275862068965518,0.4827586206896552,W,D,L,W,W,L,W,L,L,L,18,18,29.0,WDLWW,LWLLL,10,3,0,0,0,0,0,0,1,0,0.5517241379310345,-1.0,1.3448275862068966,0.2413793103448276,0
283,2021-03-14,Arsenal,Tottenham,2,1,H,37,47,29,30,1.4137931034482758,1.5517241379310345,W,D,W,L,W,L,W,W,W,L,5,18,29.0,WDWLW,LWWWL,10,9,0,0,0,0,0,0,0,0,0.27586206896551724,0.5862068965517241,-0.13793103448275862,0.034482758620689655,-13
284,2021-03-14,Man United,West Ham,1,0,H,55,42,32,32,1.8620689655172413,1.6551724137931034,W,D,D,W,D,L,W,L,W,W,18,18,29.0,WDDWD,LWLWW,9,9,0,0,0,0,0,0,0,0,0.7931034482758621,0.3448275862068966,0.20689655172413793,0.0,0
285,2021-03-15,Wolves,Liverpool,0,1,NH,28,47,37,36,1.206896551724138,1.4827586206896552,D,L,D,W,W,L,L,W,L,L,18,2,29.0,DLDWW,LLWLL,8,3,0,0,0,0,0,0,0,0,-0.3103448275862069,0.3793103448275862,-0.27586206896551724,0.1724137931034483,16
286,2021-03-19,Fulham,Leeds,1,2,NH,22,43,33,46,0.896551724137931,1.2413793103448276,W,L,D,W,D,D,L,L,W,L,19,18,29.0,WLDWD,DLLWL,8,4,0,0,0,0,0,0,0,0,-0.3793103448275862,-0.10344827586206896,-0.3448275862068966,0.13793103448275862,1
287,2021-03-20,Brighton,Newcastle,3,0,H,29,28,36,45,1.0,0.9655172413793104,W,L,L,L,D,D,D,D,L,L,18,18,29.0,WLLLD,DDDLL,4,3,0,0,0,0,0,0,0,0,-0.2413793103448276,-0.5862068965517241,0.034482758620689655,0.034482758620689655,0
288,2021-03-21,West Ham,Arsenal,3,3,NH,42,37,32,29,1.6551724137931034,1.4137931034482758,L,W,L,W,W,W,D,W,L,W,18,5,29.0,LWLWW,WDWLW,9,10,0,0,0,0,0,0,0,0,0.3448275862068966,0.27586206896551724,0.2413793103448276,-0.034482758620689655,13
289,2021-03-21,Aston Villa,Tottenham,0,2,NH,39,47,30,30,1.4137931034482758,1.5517241379310345,L,D,D,L,W,L,W,W,W,L,18,18,29.0,LDDLW,LWWWL,5,9,0,0,0,0,0,0,0,0,0.3103448275862069,0.5862068965517241,-0.13793103448275862,-0.13793103448275862,0
290,2021-04-03,Chelsea,West Brom,2,5,NH,44,20,25,57,1.7,0.6,D,W,W,D,D,L,D,L,W,D,3,18,30.0,DWWDD,LDLWD,9,5,0,0,0,0,0,0,0,0,0.6333333333333333,-1.2333333333333334,1.1,0.13333333333333333,-15
291,2021-04-03,Leeds,Sheffield United,2,1,H,45,16,47,50,1.3,0.4666666666666667,W,D,L,L,W,L,L,W,L,L,18,18,30.0,WDLLW,LLWLL,7,3,0,0,0,0,0,0,0,0,-0.06666666666666667,-1.1333333333333333,0.8333333333333334,0.13333333333333333,0
292,2021-04-03,Leicester,Man City,0,2,NH,53,61,32,21,1.8666666666666667,2.2666666666666666,W,W,D,L,W,W,L,W,W,W,18,18,30.0,WWDLW,WLWWW,10,12,0,0,0,0,1,0,0,0,0.7,1.3333333333333333,-0.4,-0.06666666666666667,0
293,2021-04-03,Arsenal,Liverpool,0,3,NH,40,48,32,36,1.4,1.5333333333333334,D,W,D,W,L,W,L,L,W,L,5,2,30.0,DWDWL,WLLWL,8,6,0,0,0,0,0,0,0,0,0.26666666666666666,0.4,-0.13333333333333333,0.06666666666666667,3
294,2021-04-04,Southampton,Burnley,3,2,H,36,22,51,37,1.1,1.1,L,L,W,L,L,W,D,D,L,D,16,15,30.0,LLWLL,WDDLD,3,6,0,0,0,0,0,0,0,0,-0.5,-0.5,0.0,-0.1,1
295,2021-04-04,Newcastle,Tottenham,2,2,NH,28,49,48,30,0.9333333333333333,1.6,L,D,D,D,L,W,L,W,W,W,18,18,30.0,LDDDL,WLWWW,3,12,0,0,0,0,1,0,0,0,-0.6666666666666666,0.6333333333333333,-0.6666666666666666,-0.3,0
296,2021-04-04,Aston Villa,Fulham,3,1,H,42,22,31,36,1.4666666666666666,0.8666666666666667,W,L,D,D,L,L,W,L,D,W,18,19,30.0,WLDDL,LWLDW,5,7,0,0,0,0,0,0,0,0,0.36666666666666664,-0.4666666666666667,0.6,-0.06666666666666667,-1
297,2021-04-04,Man United,Brighton,2,1,H,56,32,32,36,1.9,1.0666666666666667,W,W,D,D,W,W,W,L,L,L,18,18,30.0,WWDDW,WWLLL,11,6,0,0,0,0,0,0,1,0,0.8,-0.13333333333333333,0.8333333333333334,0.16666666666666666,0
298,2021-04-05,Everton,Crystal Palace,1,1,NH,41,31,38,47,1.5666666666666667,1.2333333333333334,D,L,L,W,W,W,L,D,D,W,8,12,30.0,DLLWW,WLDDW,7,8,0,0,0,0,0,0,0,0,0.1,-0.5333333333333333,0.3333333333333333,-0.03333333333333333,-4
299,2021-04-05,Wolves,West Ham,2,3,NH,28,45,38,35,1.1666666666666667,1.6333333333333333,L,D,L,D,W,D,L,W,L,W,18,18,30.0,LDLDW,DLWLW,5,7,0,0,0,0,0,0,0,0,-0.3333333333333333,0.3333333333333333,-0.4666666666666667,-0.06666666666666667,0
300,2021-04-09,Fulham,Wolves,0,1,NH,23,30,38,41,0.8387096774193549,1.1290322580645162,L,L,W,L,D,L,L,D,L,D,19,18,31.0,LLWLD,LLDLD,4,2,0,0,0,0,0,0,0,0,-0.4838709677419355,-0.3548387096774194,-0.2903225806451613,0.06451612903225806,1
301,2021-04-10,Man City,Leeds,1,2,NH,64,47,21,48,2.2903225806451615,1.3548387096774193,W,W,L,W,W,W,W,D,L,L,18,18,31.0,WWLWW,WWDLL,12,7,0,0,0,0,0,0,0,0,1.3870967741935485,-0.03225806451612903,0.9354838709677419,0.16129032258064516,0
302,2021-04-10,Liverpool,Aston Villa,2,1,H,51,43,36,33,1.5806451612903225,1.4193548387096775,W,W,L,L,W,L,W,L,D,D,2,18,31.0,WWLLW,LWLDD,9,5,0,0,0,0,0,0,0,0,0.4838709677419355,0.3225806451612903,0.16129032258064516,0.12903225806451613,-16
303,2021-04-10,Crystal Palace,Chelsea,1,4,NH,32,46,48,30,1.2258064516129032,1.6451612903225807,D,W,L,D,D,L,D,W,W,D,12,3,31.0,DWLDD,LDWWD,6,8,0,0,0,0,0,0,0,0,-0.5161290322580645,0.5161290322580645,-0.41935483870967744,-0.06451612903225806,9
304,2021-04-11,Burnley,Newcastle,1,2,NH,24,30,40,50,1.064516129032258,0.9354838709677419,L,W,D,D,L,D,L,D,D,D,15,18,31.0,LWDDL,DLDDD,5,4,0,0,0,0,0,0,0,0,-0.5161290322580645,-0.6451612903225806,0.12903225806451613,0.03225806451612903,-3
305,2021-04-11,West Ham,Leicester,3,2,H,48,53,37,34,1.6774193548387097,1.8064516129032258,W,D,L,W,L,L,W,W,D,L,18,18,31.0,WDLWL,LWWDL,7,7,0,0,0,0,0,0,0,0,0.3548387096774194,0.6129032258064516,-0.12903225806451613,0.0,0
306,2021-04-11,Tottenham,Man United,1,3,NH,51,58,32,33,1.5806451612903225,1.935483870967742,D,W,L,W,W,W,W,W,D,D,18,18,31.0,DWLWW,WWWDD,10,11,0,0,0,0,0,0,0,0,0.6129032258064516,0.8064516129032258,-0.3548387096774194,-0.03225806451612903,0
307,2021-04-11,Sheffield United,Arsenal,0,3,NH,17,40,52,35,0.45161290322580644,1.3548387096774193,L,L,L,W,L,L,D,W,D,W,18,5,31.0,LLLWL,LDWDW,3,8,0,0,0,0,0,0,0,0,-1.1290322580645162,0.16129032258064516,-0.9032258064516129,-0.16129032258064516,13
308,2021-04-12,West Brom,Southampton,3,0,H,25,39,59,53,0.6774193548387096,1.1612903225806452,W,L,D,L,W,W,L,L,W,L,18,16,31.0,WLDLW,WLLWL,7,6,0,0,0,0,0,0,0,0,-1.096774193548387,-0.45161290322580644,-0.4838709677419355,0.03225806451612903,2
309,2021-04-12,Brighton,Everton,0,0,NH,33,41,38,38,1.032258064516129,1.5483870967741935,L,W,W,L,L,D,D,L,L,W,18,8,31.0,LWWLL,DDLLW,6,5,0,0,0,0,0,0,0,0,-0.16129032258064516,0.0967741935483871,-0.5161290322580645,0.03225806451612903,10
310,2021-04-16,Everton,Tottenham,2,2,NH,43,52,40,35,1.53125,1.53125,D,D,D,L,L,L,D,W,L,W,8,18,32.0,DDDLL,LDWLW,3,7,0,0,0,0,0,0,0,0,0.09375,0.53125,0.0,-0.125,-10
311,2021-04-17,Newcastle,West Ham,3,2,H,32,51,51,39,1.0,1.71875,W,D,L,D,D,W,W,D,L,W,18,18,32.0,WDLDD,WWDLW,6,10,0,0,0,0,0,0,0,0,-0.59375,0.375,-0.71875,-0.125,0
312,2021-04-17,Wolves,Sheffield United,1,0,H,31,17,41,55,1.1875,0.4375,W,L,L,D,L,L,L,L,L,W,18,18,32.0,WLLDL,LLLLW,4,3,0,0,0,0,0,0,0,0,-0.3125,-1.1875,0.75,0.03125,0
313,2021-04-18,Arsenal,Fulham,1,1,NH,43,24,35,41,1.40625,0.8125,W,L,D,W,D,L,L,L,W,L,5,19,32.0,WLDWD,LLLWL,8,3,0,0,0,0,0,0,0,0,0.25,-0.53125,0.59375,0.15625,-14
314,2021-04-18,Man United,Burnley,3,1,H,61,25,34,42,1.96875,1.03125,W,W,W,W,D,L,L,W,D,D,18,15,32.0,WWWWD,LLWDD,13,5,0,0,0,0,0,0,0,0,0.84375,-0.53125,0.9375,0.25,3
315,2021-04-19,Leeds,Liverpool,1,1,NH,49,53,49,37,1.40625,1.625,W,W,W,D,L,W,W,W,L,L,18,2,32.0,WWWDL,WWWLL,10,9,0,0,0,0,0,0,0,0,0.0,0.5,-0.21875,0.03125,16
316,2021-04-20,Chelsea,Brighton,0,0,NH,50,33,31,38,1.6875,1.03125,W,L,D,W,W,D,L,W,W,L,3,18,32.0,WLDWW,DLWWL,10,7,0,0,0,0,0,0,0,0,0.59375,-0.15625,0.65625,0.09375,-15
317,2021-04-21,Tottenham,Southampton,2,1,H,52,39,35,56,1.53125,1.125,L,D,W,L,W,L,W,L,L,W,18,16,32.0,LDWLW,LWLLW,7,6,0,0,0,0,0,0,0,0,0.53125,-0.53125,0.40625,0.03125,2
318,2021-04-21,Aston Villa,Man City,1,2,NH,44,66,35,21,1.375,2.3125,L,L,W,L,D,W,W,W,L,W,18,18,32.0,LLWLD,WWWLW,4,12,0,0,0,0,0,0,0,0,0.28125,1.40625,-0.9375,-0.25,0
319,2021-04-22,Leicester,West Brom,3,0,H,55,28,37,59,1.75,0.75,L,L,W,W,D,W,W,L,D,L,18,18,32.0,LLWWD,WWLDL,7,7,0,0,0,0,0,0,0,0,0.5625,-0.96875,1.0,0.0,0
320,2021-04-23,Arsenal,Everton,0,1,NH,44,44,36,40,1.393939393939394,1.5757575757575757,D,W,L,D,W,W,D,D,D,L,5,8,33.0,DWLDW,WDDDL,8,6,0,0,0,0,0,0,0,0,0.24242424242424243,0.12121212121212122,-0.18181818181818182,0.06060606060606061,-3
321,2021-04-24,Liverpool,Newcastle,1,1,NH,54,35,38,53,1.606060606060606,1.0606060606060606,D,W,W,W,L,W,W,D,L,D,2,18,33.0,DWWWL,WWDLD,10,8,0,0,0,0,0,0,0,0,0.48484848484848486,-0.5454545454545454,0.5454545454545454,0.06060606060606061,-16
322,2021-04-24,West Ham,Chelsea,0,1,NH,53,50,42,31,1.6666666666666667,1.6666666666666667,L,W,W,D,L,D,W,L,D,W,18,3,33.0,LWWDL,DWLDW,7,8,0,0,0,0,0,0,0,0,0.3333333333333333,0.5757575757575758,0.0,-0.030303030303030304,15
323,2021-04-24,Sheffield United,Brighton,1,0,H,17,33,56,38,0.42424242424242425,1.0303030303030303,L,L,L,L,L,D,D,L,W,W,18,18,33.0,LLLLL,DDLWW,0,8,0,0,1,1,0,0,0,0,-1.1818181818181819,-0.15151515151515152,-0.6060606060606061,-0.24242424242424243,0
324,2021-04-25,Wolves,Burnley,0,4,NH,32,26,41,45,1.2424242424242424,1.0,W,W,L,L,D,L,L,L,W,D,18,15,33.0,WWLLD,LLLWD,7,4,0,0,0,0,0,0,0,0,-0.2727272727272727,-0.5757575757575758,0.24242424242424243,0.09090909090909091,3
325,2021-04-25,Leeds,Man United,0,0,NH,50,64,50,35,1.393939393939394,2.0,D,W,W,W,D,W,W,W,W,W,18,18,33.0,DWWWD,WWWWW,11,15,0,0,0,0,1,1,0,0,0.0,0.8787878787878788,-0.6060606060606061,-0.12121212121212122,0
326,2021-04-25,Aston Villa,West Brom,2,2,NH,46,28,37,62,1.3636363636363635,0.7272727272727273,D,L,L,W,L,L,W,W,L,D,18,18,33.0,DLLWL,LWWLD,4,7,0,0,0,0,0,0,0,0,0.2727272727272727,-1.0303030303030303,0.6363636363636364,-0.09090909090909091,0
327,2021-04-26,Leicester,Crystal Palace,2,1,H,58,34,37,54,1.7878787878787878,1.1515151515151516,W,L,L,W,W,L,L,D,W,L,18,12,33.0,WLLWW,LLDWL,9,4,0,0,0,0,0,0,0,0,0.6363636363636364,-0.6060606060606061,0.6363636363636364,0.15151515151515152,6
328,2021-04-30,Southampton,Leicester,1,1,NH,40,58,58,37,1.0909090909090908,1.7878787878787878,L,L,W,L,L,W,L,L,W,W,16,18,33.0,LLWLL,WLLWW,3,9,0,0,0,0,0,0,0,0,-0.5454545454545454,0.6363636363636364,-0.696969696969697,-0.18181818181818182,-2
329,2021-05-01,Crystal Palace,Man City,0,2,NH,34,67,54,23,1.1515151515151516,2.242424242424242,L,L,D,W,L,L,W,W,W,L,12,18,33.0,LLDWL,LWWWL,4,9,0,0,0,0,0,0,0,0,-0.6060606060606061,1.3333333333333333,-1.0909090909090908,-0.15151515151515152,-6
330,2021-05-01,Brighton,Leeds,2,0,H,33,50,39,50,1.0,1.3823529411764706,L,D,D,L,W,D,D,W,W,W,18,18,34.0,LDDLW,DDWWW,5,11,0,0,0,0,1,0,0,0,-0.17647058823529413,0.0,-0.38235294117647056,-0.17647058823529413,0
331,2021-05-01,Chelsea,Fulham,2,0,H,51,25,31,43,1.7058823529411764,0.7941176470588235,W,D,W,L,D,D,L,L,L,L,3,19,34.0,WDWLD,DLLLL,8,1,0,0,0,0,0,0,1,0,0.5882352941176471,-0.5294117647058824,0.9117647058823529,0.20588235294117646,-16
332,2021-05-01,Everton,Aston Villa,1,2,NH,45,48,42,38,1.5294117647058822,1.411764705882353,L,W,D,D,D,W,D,L,L,W,8,18,34.0,LWDDD,WDLLW,6,7,0,0,0,0,0,0,0,0,0.08823529411764706,0.29411764705882354,0.11764705882352941,-0.029411764705882353,-10
333,2021-05-02,Newcastle,Arsenal,0,2,NH,36,44,54,37,1.0588235294117647,1.3529411764705883,D,W,W,D,L,L,D,W,L,D,18,5,34.0,DWWDL,LDWLD,8,5,0,0,0,0,0,0,0,0,-0.5294117647058824,0.20588235294117646,-0.29411764705882354,0.08823529411764706,13
334,2021-05-02,Tottenham,Sheffield United,4,0,H,56,18,38,56,1.5588235294117647,0.5,W,D,L,D,W,W,L,L,L,L,18,18,34.0,WDLDW,WLLLL,8,3,0,0,0,0,0,0,1,0,0.5294117647058824,-1.1176470588235294,1.0588235294117647,0.14705882352941177,0
335,2021-05-03,West Brom,Wolves,1,1,NH,30,32,64,45,0.7352941176470589,1.2058823529411764,D,L,W,W,L,L,W,W,L,L,18,18,34.0,DLWWL,LWWLL,7,6,0,0,0,0,0,0,0,0,-1.0,-0.38235294117647056,-0.47058823529411764,0.029411764705882353,0
336,2021-05-03,Burnley,West Ham,1,2,NH,30,53,45,43,1.0588235294117647,1.6176470588235294,W,L,L,L,W,L,L,W,W,D,15,18,34.0,WLLLW,LLWWD,6,7,0,0,0,0,0,0,0,0,-0.4411764705882353,0.29411764705882354,-0.5588235294117647,-0.029411764705882353,-3
337,2021-05-07,Leicester,Newcastle,2,4,NH,60,36,38,54,1.8235294117647058,1.0588235294117647,W,W,L,L,W,D,W,W,D,L,18,18,34.0,WWLLW,DWWDL,9,8,0,0,0,0,0,0,0,0,0.6470588235294118,-0.5294117647058824,0.7647058823529411,0.029411764705882353,0
338,2021-05-08,Leeds,Tottenham,3,1,H,50,56,50,38,1.3823529411764706,1.5588235294117647,D,D,W,W,W,W,D,L,D,W,18,18,34.0,DDWWW,WDLDW,11,8,1,0,0,0,0,0,0,0,0.0,0.5294117647058824,-0.17647058823529413,0.08823529411764706,0
339,2021-05-08,Sheffield United,Crystal Palace,0,2,NH,18,34,56,56,0.5,1.1176470588235294,W,L,L,L,L,L,L,L,D,W,18,12,34.0,WLLLL,LLLDW,3,4,0,0,1,0,0,0,0,0,-1.1176470588235294,-0.6470588235294118,-0.6176470588235294,-0.029411764705882353,6
340,2021-05-08,Man City,Chelsea,1,2,NH,71,53,24,31,2.2857142857142856,1.7428571428571429,W,W,L,W,W,W,W,D,W,L,18,3,35.0,WWLWW,WWDWL,12,10,0,0,0,0,0,0,0,0,1.3428571428571427,0.6285714285714286,0.5428571428571428,0.05714285714285714,15
341,2021-05-08,Liverpool,Southampton,2,0,H,57,41,39,61,1.6285714285714286,1.0571428571428572,W,D,D,W,W,L,D,L,L,W,2,16,35.0,WDDWW,LDLLW,11,4,0,0,0,0,0,0,0,0,0.5142857142857142,-0.5714285714285714,0.5714285714285714,0.2,-14
342,2021-05-09,Wolves,Brighton,2,1,H,33,35,46,39,1.2,1.0571428571428572,D,L,W,W,L,W,L,D,D,L,18,18,35.0,DLWWL,WLDDL,7,5,0,0,0,0,0,0,0,0,-0.37142857142857144,-0.11428571428571428,0.14285714285714285,0.05714285714285714,0
343,2021-05-09,Aston Villa,Man United,1,3,NH,49,67,41,36,1.3714285714285714,2.0,L,W,D,L,L,W,D,W,W,W,18,18,35.0,LWDLL,WDWWW,4,13,0,0,0,0,1,0,0,0,0.22857142857142856,0.8857142857142857,-0.6285714285714286,-0.2571428571428571,0
344,2021-05-09,West Ham,Everton,0,1,NH,55,46,44,42,1.6571428571428573,1.5714285714285714,W,L,L,W,W,W,L,W,D,D,18,8,35.0,WLLWW,WLWDD,9,8,0,0,0,0,0,0,0,0,0.3142857142857143,0.11428571428571428,0.08571428571428572,0.02857142857142857,10
345,2021-05-09,Arsenal,West Brom,3,1,H,46,31,37,65,1.4,0.7428571428571429,W,L,D,W,L,D,D,L,W,W,5,18,35.0,WLDWL,DDLWW,7,8,0,0,0,0,0,0,0,0,0.2571428571428571,-0.9714285714285714,0.6571428571428571,-0.02857142857142857,-13
346,2021-05-10,Fulham,Burnley,0,2,NH,25,31,45,47,0.7714285714285715,1.0285714285714285,L,D,L,L,L,L,W,L,L,L,19,15,35.0,LDLLL,LWLLL,1,3,0,0,1,0,0,0,1,0,-0.5714285714285714,-0.45714285714285713,-0.2571428571428571,-0.05714285714285714,4
347,2021-05-11,Man United,Leicester,1,2,NH,67,61,36,39,2.0,1.8,W,D,W,W,W,D,W,W,L,L,18,18,35.0,WDWWW,DWWLL,13,7,1,0,0,0,0,0,0,0,0.8857142857142857,0.6285714285714286,0.2,0.17142857142857143,0
348,2021-05-11,Southampton,Crystal Palace,3,1,H,41,36,61,56,1.0571428571428572,1.1714285714285715,L,D,L,L,W,W,L,L,L,D,16,12,35.0,LDLLW,WLLLD,4,4,0,0,0,0,0,0,0,0,-0.5714285714285714,-0.5714285714285714,-0.11428571428571428,0.0,4
349,2021-05-12,Chelsea,Arsenal,0,1,NH,53,46,31,37,1.7428571428571429,1.4,W,W,D,W,L,W,L,D,W,L,3,5,35.0,WWDWL,WLDWL,10,7,0,0,0,0,0,0,0,0,0.6285714285714286,0.2571428571428571,0.34285714285714286,0.08571428571428572,-2
350,2021-05-13,Aston Villa,Everton,0,0,NH,49,46,41,42,1.3611111111111112,1.5555555555555556,D,L,W,D,L,D,W,L,W,D,18,8,36.0,DLWDL,DWLWD,5,8,0,0,0,0,0,0,0,0,0.2222222222222222,0.1111111111111111,-0.19444444444444445,-0.08333333333333333,10
351,2021-05-13,Man United,Liverpool,2,4,NH,68,61,38,41,1.9444444444444444,1.6666666666666667,L,W,D,W,W,W,W,D,D,W,18,2,36.0,LWDWW,WWDDW,10,11,0,0,0,0,0,0,0,0,0.8333333333333334,0.5555555555555556,0.2777777777777778,-0.027777777777777776,16
352,2021-05-14,Newcastle,Man City,3,4,NH,40,72,58,26,1.0833333333333333,2.2222222222222223,W,L,D,W,W,L,W,W,L,W,18,18,36.0,WLDWW,LWWLW,10,9,0,0,0,0,0,0,0,0,-0.5,1.2777777777777777,-1.1388888888888888,0.027777777777777776,0
353,2021-05-15,Burnley,Leeds,0,4,NH,33,53,47,53,1.0833333333333333,1.3888888888888888,W,L,W,L,L,W,L,D,D,W,15,18,36.0,WLWLL,WLDDW,6,8,0,0,0,0,0,0,0,0,-0.3888888888888889,0.0,-0.3055555555555556,-0.05555555555555555,-3
354,2021-05-15,Southampton,Fulham,3,1,H,44,25,62,47,1.1111111111111112,0.75,W,L,D,L,L,L,L,D,L,L,16,19,36.0,WLDLL,LLDLL,4,1,0,0,0,0,0,0,0,0,-0.5,-0.6111111111111112,0.3611111111111111,0.08333333333333333,-3
355,2021-05-15,Brighton,West Ham,1,1,NH,36,55,41,45,1.0277777777777777,1.6111111111111112,L,W,L,D,D,L,W,L,L,W,18,18,36.0,LWLDD,LWLLW,5,6,0,0,0,0,0,0,0,0,-0.1388888888888889,0.2777777777777778,-0.5833333333333334,-0.027777777777777776,0
356,2021-05-16,Crystal Palace,Aston Villa,3,2,H,37,49,59,41,1.1388888888888888,1.3611111111111112,L,W,L,L,L,D,L,W,D,L,12,18,36.0,LWLLL,DLWDL,3,5,0,0,1,0,0,0,0,0,-0.6111111111111112,0.2222222222222222,-0.2222222222222222,-0.05555555555555555,-6
357,2021-05-16,Tottenham,Wolves,2,0,H,61,35,41,47,1.5555555555555556,1.25,L,W,W,D,L,W,D,L,W,W,18,18,36.0,LWWDL,WDLWW,7,10,0,0,0,0,0,0,0,0,0.5555555555555556,-0.3333333333333333,0.3055555555555556,-0.08333333333333333,0
358,2021-05-16,West Brom,Liverpool,1,2,NH,32,61,68,41,0.7222222222222222,1.6666666666666667,L,D,D,L,W,W,W,D,D,W,18,2,36.0,LDDLW,WWDDW,5,11,0,0,0,0,0,0,0,0,-1.0,0.5555555555555556,-0.9444444444444444,-0.16666666666666666,16
359,2021-05-16,Everton,Sheffield United,0,1,NH,46,18,42,62,1.5555555555555556,0.4722222222222222,D,W,L,W,D,L,L,W,L,L,8,18,36.0,DWLWD,LLWLL,8,3,0,0,0,0,0,0,0,0,0.1111111111111111,-1.2222222222222223,1.0833333333333333,0.1388888888888889,-10
360,2021-05-18,Man United,Fulham,1,1,NH,70,26,42,50,1.8918918918918919,0.7297297297297297,L,L,W,D,W,L,L,L,D,L,18,19,37.0,LLWDW,LLLDL,7,1,0,0,0,0,0,0,0,0,0.7567567567567568,-0.6486486486486487,1.162162162162162,0.16216216216216217,-1
361,2021-05-18,Southampton,Leeds,0,2,NH,47,57,63,53,1.162162162162162,1.4324324324324325,W,W,L,D,L,W,W,L,D,D,16,18,37.0,WWLDL,WWLDD,7,8,0,0,0,0,0,0,0,0,-0.43243243243243246,0.10810810810810811,-0.2702702702702703,-0.02702702702702703,-2
362,2021-05-18,Brighton,Man City,3,2,H,37,76,42,29,1.027027027027027,2.2432432432432434,D,L,W,L,D,W,L,W,W,L,18,18,37.0,DLWLD,WLWWL,5,9,0,0,0,0,0,0,0,0,-0.13513513513513514,1.2702702702702702,-1.2162162162162162,-0.10810810810810811,0
363,2021-05-18,Chelsea,Leicester,2,1,H,55,65,33,44,1.7297297297297298,1.7837837837837838,L,W,W,W,D,W,L,D,W,W,3,18,37.0,LWWWD,WLDWW,10,10,0,0,0,0,0,0,0,0,0.5945945945945946,0.5675675675675675,-0.05405405405405406,0.0,-15
364,2021-05-19,Everton,Wolves,1,0,H,46,35,43,49,1.5135135135135136,1.2162162162162162,L,D,W,L,W,L,W,D,L,W,8,18,37.0,LDWLW,LWDLW,7,7,0,0,0,0,0,0,0,0,0.08108108108108109,-0.3783783783783784,0.2972972972972973,0.0,-10
365,2021-05-19,Newcastle,Sheffield United,1,0,H,43,19,62,62,1.054054054054054,0.5405405405405406,L,W,L,D,W,W,L,L,W,L,18,18,37.0,LWLDW,WLLWL,7,6,0,0,0,0,0,0,0,0,-0.5135135135135135,-1.162162162162162,0.5135135135135135,0.02702702702702703,0
366,2021-05-19,Tottenham,Aston Villa,1,2,NH,63,51,41,44,1.5945945945945945,1.3243243243243243,W,L,W,W,D,L,D,L,W,D,18,18,37.0,WLWWD,LDLWD,10,5,0,0,0,0,0,0,0,0,0.5945945945945946,0.1891891891891892,0.2702702702702703,0.13513513513513514,0
367,2021-05-19,Crystal Palace,Arsenal,1,3,NH,40,50,61,38,1.1891891891891893,1.4864864864864864,W,L,W,L,L,W,W,W,L,D,12,5,37.0,WLWLL,WWWLD,6,10,0,0,0,0,0,0,0,0,-0.5675675675675675,0.32432432432432434,-0.2972972972972973,-0.10810810810810811,7
368,2021-05-19,Burnley,Liverpool,0,3,NH,33,63,51,42,1.054054054054054,1.7027027027027026,L,W,L,W,L,W,W,W,D,D,15,2,37.0,LWLWL,WWWDD,6,11,0,0,0,0,0,0,0,0,-0.4864864864864865,0.5675675675675675,-0.6486486486486487,-0.13513513513513514,13
369,2021-05-19,West Brom,West Ham,1,3,NH,33,56,70,46,0.7027027027027027,1.5945945945945945,L,L,D,D,L,D,L,W,L,L,18,18,37.0,LLDDL,DLWLL,2,4,0,0,0,0,0,0,0,0,-1.0,0.2702702702702703,-0.8918918918918919,-0.05405405405405406,0
370,2021-05-23,Arsenal,Brighton,2,0,H,53,40,39,44,1.5263157894736843,1.0789473684210527,W,W,W,W,L,W,D,L,W,L,5,18,38.0,WWWWL,WDLWL,12,7,0,0,0,0,0,0,0,0,0.3684210526315789,-0.10526315789473684,0.4473684210526316,0.13157894736842105,-13
371,2021-05-23,Aston Villa,Chelsea,2,1,H,53,57,45,34,1.368421052631579,1.763157894736842,W,L,D,L,W,W,L,W,W,W,18,3,38.0,WLDLW,WLWWW,7,12,0,0,0,0,1,0,0,0,0.21052631578947367,0.6052631578947368,-0.39473684210526316,-0.13157894736842105,15
372,2021-05-23,Fulham,Newcastle,0,2,NH,27,44,51,62,0.7368421052631579,1.105263157894737,D,L,L,L,D,W,L,W,L,D,19,18,38.0,DLLLD,WLWLD,2,7,0,0,0,0,0,0,0,0,-0.631578947368421,-0.47368421052631576,-0.3684210526315789,-0.13157894736842105,1
373,2021-05-23,Leeds,West Brom,3,1,H,59,34,53,73,1.4736842105263157,0.6842105263157895,W,W,W,L,D,L,L,L,D,D,18,18,38.0,WWWLD,LLLDD,10,2,0,0,0,0,0,0,0,0,0.15789473684210525,-1.0263157894736843,0.7894736842105263,0.21052631578947367,0
374,2021-05-23,Leicester,Tottenham,2,4,NH,66,64,46,43,1.736842105263158,1.5526315789473684,L,W,L,D,W,L,W,L,W,W,18,18,38.0,LWLDW,LWLWW,7,9,0,0,0,0,0,0,0,0,0.5263157894736842,0.5526315789473685,0.18421052631578946,-0.05263157894736842,0
375,2021-05-23,Liverpool,Crystal Palace,2,0,H,66,41,42,64,1.736842105263158,1.1578947368421053,W,W,W,W,D,L,W,L,W,L,2,12,38.0,WWWWD,LWLWL,13,6,0,0,0,0,0,0,0,0,0.631578947368421,-0.6052631578947368,0.5789473684210527,0.18421052631578946,-10
376,2021-05-23,Man City,Everton,5,0,H,78,47,32,43,2.1842105263157894,1.5526315789473684,L,W,L,W,W,W,L,D,W,L,18,8,38.0,LWLWW,WLDWL,9,7,0,0,0,0,0,0,0,0,1.2105263157894737,0.10526315789473684,0.631578947368421,0.05263157894736842,10
377,2021-05-23,Sheffield United,Burnley,1,0,H,19,33,63,54,0.5263157894736842,1.0263157894736843,L,W,L,L,W,L,L,W,L,W,18,15,38.0,LWLLW,LLWLW,6,6,0,0,0,0,0,0,0,0,-1.1578947368421053,-0.5526315789473685,-0.5,0.0,3
378,2021-05-23,West Ham,Southampton,3,0,H,59,47,47,65,1.631578947368421,1.131578947368421,W,D,L,W,L,L,W,W,L,D,18,16,38.0,WDLWL,LWWLD,7,7,0,0,0,0,0,0,0,0,0.3157894736842105,-0.47368421052631576,0.5,0.0,2
379,2021-05-23,Wolves,Man United,1,2,NH,35,71,50,43,1.1842105263157894,1.868421052631579,L,L,W,D,L,D,L,L,W,D,18,18,38.0,LLWDL,DLLWD,4,5,0,0,0,0,0,0,0,0,-0.39473684210526316,0.7368421052631579,-0.6842105263157895,-0.02631578947368421,0
